symbol,name,sector,index_membership,model_name,record_count,first_date,last_date,champion_model_available,historical_data_available,V22_eligible
ACC,ACC Limited,,NIFTY_200,ACC_rf_202609091047.joblib,989,2021-09-09,2026-09-08,True,True,ELIGIBLE
APOLLOTYRE,APOLLOTYRE Limited,,NIFTY_200,APOLLOTYRE_rf_202609090842.joblib,249,2024-09-09,2026-09-09,True,True,ELIGIBLE
CANFINHOME,CANFINHOME Limited,,NIFTY_200,CANFINHOME_rf_202609090843.joblib,249,2024-09-09,2026-09-09,True,True,ELIGIBLE
GUJGASLTD,GUJGASLTD Limited,,NIFTY_200,,0,,,False,False,INSUFFICIENT_HISTORY
MAXHEALTH,MAXHEALTH Limited,,NIFTY_200,MAXHEALTH_rf_202609091045.joblib,987,2021-09-09,2026-09-09,True,True,ELIGIBLE
ADANIPORTS,ADANIPORTS Limited,,NIFTY_200,ADANIPORTS_rf_202609091047.joblib,989,2021-09-09,2026-09-08,True,True,ELIGIBLE
ADANIPOWER,ADANIPOWER Limited,,NIFTY_200,ADANIPOWER_rf_202609091048.joblib,990,2021-09-09,2026-09-08,True,True,ELIGIBLE
APOLLOHOSP,APOLLOHOSP Limited,,NIFTY_200,APOLLOHOSP_rf_202609091046.joblib,988,2021-09-09,2026-09-09,True,True,ELIGIBLE
ZOMATO,ZOMATO Limited,,NIFTY_200,ZOMATO_rf_202609090741.joblib,738,2021-09-09,2024-09-06,True,True,ELIGIBLE
ZYDUSLIFE,ZYDUSLIFE Limited,,NIFTY_200,ZYDUSLIFE_rf_202609090741.joblib,501,2024-09-09,2026-09-09,True,True,ELIGIBLE
ABB,ABB Limited,,NIFTY_200,ABB_rf_202609091047.joblib,987,2021-09-09,2026-09-09,True,True,ELIGIBLE
AMBUJACEM,AMBUJACEM Limited,,NIFTY_200,AMBUJACEM_rf_202609090842.joblib,252,2025-09-08,2026-09-08,True,True,ELIGIBLE
BAJFINANCE,BAJFINANCE Limited,,NIFTY_200,BAJFINANCE_rf_202609091048.joblib,990,2021-09-09,2026-09-08,True,True,ELIGIBLE
BOSCHLTD,BOSCHLTD Limited,,NIFTY_200,BOSCHLTD_rf_202609090842.joblib,251,2025-09-08,2026-09-08,True,True,ELIGIBLE
COROMANDEL,COROMANDEL Limited,,NIFTY_200,COROMANDEL_rf_202609091047.joblib,990,2021-09-09,2026-09-08,True,True,ELIGIBLE
YESBANK,YESBANK Limited,,NIFTY_200,YESBANK_rf_202609090815.joblib,738,2021-09-09,2024-09-06,True,True,ELIGIBLE
ADANIENSOL,ADANIENSOL Limited,,NIFTY_200,ADANIENSOL_rf_202609091046.joblib,987,2021-09-09,2026-09-09,True,True,ELIGIBLE
ADANIENT,ADANIENT Limited,,NIFTY_200,ADANIENT_rf_202609091046.joblib,990,2021-09-09,2026-09-08,True,True,ELIGIBLE
ADANIGREEN,ADANIGREEN Limited,,NIFTY_200,ADANIGREEN_rf_202609091049.joblib,990,2021-09-09,2026-09-08,True,True,ELIGIBLE
LTIM,LTIM Limited,,NIFTY_200,,0,,,False,False,INSUFFICIENT_HISTORY
AUROPHARMA,AUROPHARMA Limited,,NIFTY_200,AUROPHARMA_rf_202609091049.joblib,987,2021-09-09,2026-09-09,True,True,ELIGIBLE
AXISBANK,AXISBANK Limited,,NIFTY_200,AXISBANK_rf_202609091046.joblib,987,2021-09-09,2026-09-09,True,True,ELIGIBLE
BAJAJ-AUTO,BAJAJ-AUTO Limited,,NIFTY_200,BAJAJ-AUTO_rf_202609090842.joblib,249,2024-09-09,2026-09-09,True,True,ELIGIBLE
BAJAJFINSV,BAJAJFINSV Limited,,NIFTY_200,BAJAJFINSV_rf_202609091048.joblib,987,2021-09-09,2026-09-09,True,True,ELIGIBLE
BAJAJHLDNG,BAJAJHLDNG Limited,,NIFTY_200,BAJAJHLDNG_rf_202609091049.joblib,988,2021-09-09,2026-09-09,True,True,ELIGIBLE
BALKRISIND,BALKRISIND Limited,,NIFTY_200,BALKRISIND_rf_202609091046.joblib,988,2021-09-09,2026-09-09,True,True,ELIGIBLE
BANDHANBNK,BANDHANBNK Limited,,NIFTY_200,BANDHANBNK_rf_202609091048.joblib,990,2021-09-09,2026-09-08,True,True,ELIGIBLE
BANKBARODA,BANKBARODA Limited,,NIFTY_200,BANKBARODA_rf_202609091046.joblib,987,2021-09-09,2026-09-09,True,True,ELIGIBLE
BANKINDIA,BANKINDIA Limited,,NIFTY_200,BANKINDIA_rf_202609091046.joblib,987,2021-09-09,2026-09-09,True,True,ELIGIBLE
BATAINDIA,BATAINDIA Limited,,NIFTY_200,BATAINDIA_rf_202609091047.joblib,990,2021-09-09,2026-09-08,True,True,ELIGIBLE
BEL,BEL Limited,,NIFTY_200,BEL_rf_202609090842.joblib,249,2024-09-09,2026-09-09,True,True,ELIGIBLE
BERGEPAINT,BERGEPAINT Limited,,NIFTY_200,BERGEPAINT_rf_202609091046.joblib,989,2021-09-09,2026-09-08,True,True,ELIGIBLE
BHARATFORG,BHARATFORG Limited,,NIFTY_200,BHARATFORG_rf_202609091048.joblib,989,2021-09-09,2026-09-08,True,True,ELIGIBLE
BHARTIARTL,BHARTIARTL Limited,,NIFTY_200,BHARTIARTL_rf_202609091048.joblib,990,2021-09-09,2026-09-08,True,True,ELIGIBLE
BHEL,BHEL Limited,,NIFTY_200,BHEL_rf_202609091045.joblib,987,2021-09-09,2026-09-09,True,True,ELIGIBLE
BIOCON,BIOCON Limited,,NIFTY_200,BIOCON_rf_202609091045.joblib,987,2021-09-09,2026-09-09,True,True,ELIGIBLE
BLUEDART,BLUEDART Limited,,NIFTY_200,BLUEDART_rf_202609091047.joblib,989,2021-09-09,2026-09-08,True,True,ELIGIBLE
BPCL,BPCL Limited,,NIFTY_200,BPCL_rf_202609091047.joblib,990,2021-09-09,2026-09-08,True,True,ELIGIBLE
BRITANNIA,BRITANNIA Limited,,NIFTY_200,BRITANNIA_rf_202609091046.joblib,990,2021-09-09,2026-09-08,True,True,ELIGIBLE
CANBK,CANBK Limited,,NIFTY_200,CANBK_rf_202609091046.joblib,990,2021-09-09,2026-09-08,True,True,ELIGIBLE
CGPOWER,CGPOWER Limited,,NIFTY_200,CGPOWER_rf_202609091046.joblib,990,2021-09-09,2026-09-08,True,True,ELIGIBLE
CHAMBLFERT,CHAMBLFERT Limited,,NIFTY_200,CHAMBLFERT_rf_202609091048.joblib,989,2021-09-09,2026-09-08,True,True,ELIGIBLE
CHOLAFIN,CHOLAFIN Limited,,NIFTY_200,CHOLAFIN_rf_202609091048.joblib,987,2021-09-09,2026-09-09,True,True,ELIGIBLE
CIPLA,CIPLA Limited,,NIFTY_200,CIPLA_rf_202609091046.joblib,989,2021-09-09,2026-09-08,True,True,ELIGIBLE
COALINDIA,COALINDIA Limited,,NIFTY_200,COALINDIA_rf_202609091048.joblib,990,2021-09-09,2026-09-08,True,True,ELIGIBLE
COFORGE,COFORGE Limited,,NIFTY_200,COFORGE_rf_202609091048.joblib,987,2021-09-09,2026-09-09,True,True,ELIGIBLE
COLPAL,COLPAL Limited,,NIFTY_200,COLPAL_rf_202609090843.joblib,252,2025-09-08,2026-09-08,True,True,ELIGIBLE
CONCOR,CONCOR Limited,,NIFTY_200,CONCOR_rf_202609091049.joblib,990,2021-09-09,2026-09-08,True,True,ELIGIBLE
CROMPTON,CROMPTON Limited,,NIFTY_200,CROMPTON_rf_202609090843.joblib,249,2024-09-09,2026-09-09,True,True,ELIGIBLE
CUMMINSIND,CUMMINSIND Limited,,NIFTY_200,CUMMINSIND_rf_202609091048.joblib,989,2021-09-09,2026-09-08,True,True,ELIGIBLE
DABUR,DABUR Limited,,NIFTY_200,DABUR_rf_202609091049.joblib,990,2021-09-09,2026-09-08,True,True,ELIGIBLE
DALBHARAT,DALBHARAT Limited,,NIFTY_200,DALBHARAT_rf_202609091049.joblib,988,2021-09-09,2026-09-08,True,True,ELIGIBLE
DEEPAKNTR,DEEPAKNTR Limited,,NIFTY_200,DEEPAKNTR_rf_202609090843.joblib,249,2024-09-09,2026-09-09,True,True,ELIGIBLE
DELHIVERY,DELHIVERY Limited,,NIFTY_200,DELHIVERY_rf_202609090843.joblib,251,2025-09-08,2026-09-08,True,True,ELIGIBLE
DIVISLAB,DIVISLAB Limited,,NIFTY_200,DIVISLAB_rf_202609091047.joblib,987,2021-09-09,2026-09-09,True,True,ELIGIBLE
DIXON,DIXON Limited,,NIFTY_200,,249,2024-09-09,2026-09-09,False,True,MODEL_UNAVAILABLE
ASIANPAINT,ASIANPAINT Limited,,NIFTY_200,ASIANPAINT_rf_202609091047.joblib,990,2021-09-09,2026-09-08,True,True,ELIGIBLE
DLF,DLF Limited,,NIFTY_200,,249,2024-09-09,2026-09-09,False,True,MODEL_UNAVAILABLE
DRREDDY,DRREDDY Limited,,NIFTY_200,,252,2025-09-08,2026-09-08,False,True,MODEL_UNAVAILABLE
ESCORTS,ESCORTS Limited,,NIFTY_200,ESCORTS_rf_202609090844.joblib,989,2021-09-09,2026-09-08,True,True,ELIGIBLE
EXIDEIND,EXIDEIND Limited,,NIFTY_200,EXIDEIND_rf_202609090844.joblib,987,2021-09-09,2026-09-09,True,True,ELIGIBLE
HEROMOTOCO,HEROMOTOCO Limited,,NIFTY_200,HEROMOTOCO_rf_202609090844.joblib,990,2021-09-09,2026-09-08,True,True,ELIGIBLE
FORTIS,FORTIS Limited,,NIFTY_200,,249,2024-09-09,2026-09-09,False,True,MODEL_UNAVAILABLE
GAIL,GAIL Limited,,NIFTY_200,GAIL_rf_202609091046.joblib,987,2021-09-09,2026-09-09,True,True,ELIGIBLE
ATGL,ATGL Limited,,NIFTY_200,ATGL_rf_202609091047.joblib,987,2021-09-09,2026-09-09,True,True,ELIGIBLE
GLENMARK,GLENMARK Limited,,NIFTY_200,GLENMARK_rf_202609090844.joblib,250,2024-09-09,2026-09-09,True,True,ELIGIBLE
GMRINFRA,GMRINFRA Limited,,NIFTY_200,GMRINFRA_rf_202609091047.joblib,990,2021-09-09,2026-09-08,True,True,ELIGIBLE
GODREJPROP,GODREJPROP Limited,,NIFTY_200,GODREJPROP_rf_202609091049.joblib,990,2021-09-09,2026-09-08,True,True,ELIGIBLE
ASTRAL,ASTRAL Limited,,NIFTY_200,,250,2025-09-08,2026-09-04,False,True,MODEL_UNAVAILABLE
ASHOKLEY,ASHOKLEY Limited,,NIFTY_200,,252,2025-09-08,2026-09-08,False,True,MODEL_UNAVAILABLE
GRASIM,GRASIM Limited,,NIFTY_200,,249,2024-09-09,2026-09-09,False,True,MODEL_UNAVAILABLE
HAL,HAL Limited,,NIFTY_200,HAL_rf_202609090844.joblib,989,2021-09-09,2026-09-08,True,True,ELIGIBLE
HAVELLS,HAVELLS Limited,,NIFTY_200,,251,2025-09-08,2026-09-08,False,True,MODEL_UNAVAILABLE
HCLTECH,HCLTECH Limited,,NIFTY_200,HCLTECH_rf_202609090844.joblib,990,2021-09-09,2026-09-08,True,True,ELIGIBLE
HDFCBANK,HDFCBANK Limited,,NIFTY_200,HDFCBANK_rf_202609090641.joblib,249,2024-09-09,2026-09-09,True,True,ELIGIBLE
HDFCLIFE,HDFCLIFE Limited,,NIFTY_200,,249,2024-09-09,2026-09-09,False,True,MODEL_UNAVAILABLE
HINDALCO,HINDALCO Limited,,NIFTY_200,,251,2025-09-08,2026-09-08,False,True,MODEL_UNAVAILABLE
HINDCOPPER,HINDCOPPER Limited,,NIFTY_200,HINDCOPPER_rf_202609090845.joblib,990,2021-09-09,2026-09-08,True,True,ELIGIBLE
HINDPETRO,HINDPETRO Limited,,NIFTY_200,,249,2024-09-09,2026-09-09,False,True,MODEL_UNAVAILABLE
HINDUNILVR,HINDUNILVR Limited,,NIFTY_200,,251,2025-09-08,2026-09-08,False,True,MODEL_UNAVAILABLE
HUDCO,HUDCO Limited,,NIFTY_200,,252,2025-09-08,2026-09-08,False,True,MODEL_UNAVAILABLE
ICICIBANK,ICICIBANK Limited,,NIFTY_200,ICICIBANK_rf_202609090641.joblib,990,2021-09-09,2026-09-08,True,True,ELIGIBLE
ICICIGI,ICICIGI Limited,,NIFTY_200,ICICIGI_rf_202609090845.joblib,987,2021-09-09,2026-09-09,True,True,ELIGIBLE
ICICIPRULI,ICICIPRULI Limited,,NIFTY_200,,251,2025-09-08,2026-09-08,False,True,MODEL_UNAVAILABLE
IDBI,IDBI Limited,,NIFTY_200,IDBI_rf_202609090845.joblib,987,2021-09-09,2026-09-09,True,True,ELIGIBLE
IDFCFIRSTB,IDFCFIRSTB Limited,,NIFTY_200,,252,2025-09-08,2026-09-08,False,True,MODEL_UNAVAILABLE
IGL,IGL Limited,,NIFTY_200,,249,2024-09-09,2026-09-09,False,True,MODEL_UNAVAILABLE
INDHOTEL,INDHOTEL Limited,,NIFTY_200,,252,2025-09-08,2026-09-08,False,True,MODEL_UNAVAILABLE
INDIAMART,INDIAMART Limited,,NIFTY_200,,249,2024-09-09,2026-09-09,False,True,MODEL_UNAVAILABLE
INDIANB,INDIANB Limited,,NIFTY_200,INDIANB_rf_202609090845.joblib,987,2021-09-09,2026-09-09,True,True,ELIGIBLE
INDIGO,INDIGO Limited,,NIFTY_200,,250,2025-09-08,2026-09-08,False,True,MODEL_UNAVAILABLE
INDUSTOWER,INDUSTOWER Limited,,NIFTY_200,,252,2025-09-08,2026-09-08,False,True,MODEL_UNAVAILABLE
INFY,INFY Limited,,NIFTY_200,INFY_rf_202609090641.joblib,990,2021-09-09,2026-09-08,True,True,ELIGIBLE
IOC,IOC Limited,,NIFTY_200,,249,2024-09-09,2026-09-09,False,True,MODEL_UNAVAILABLE
IRB,IRB Limited,,NIFTY_200,,252,2025-09-08,2026-09-08,False,True,MODEL_UNAVAILABLE
IRCTC,IRCTC Limited,,NIFTY_200,,249,2024-09-09,2026-09-09,False,True,MODEL_UNAVAILABLE
IRFC,IRFC Limited,,NIFTY_200,IRFC_rf_202609090845.joblib,989,2021-09-09,2026-09-08,True,True,ELIGIBLE
ITC,ITC Limited,,NIFTY_200,ITC_rf_202609090845.joblib,987,2021-09-09,2026-09-09,True,True,ELIGIBLE
JINDALSTEL,JINDALSTEL Limited,,NIFTY_200,JINDALSTEL_rf_202609090846.joblib,989,2021-09-09,2026-09-08,True,True,ELIGIBLE
JSWENERGY,JSWENERGY Limited,,NIFTY_200,JSWENERGY_rf_202609090846.joblib,987,2021-09-09,2026-09-09,True,True,ELIGIBLE
JSWSTEEL,JSWSTEEL Limited,,NIFTY_200,,249,2024-09-09,2026-09-09,False,True,MODEL_UNAVAILABLE
JUBLFOOD,JUBLFOOD Limited,,NIFTY_200,,249,2024-09-09,2026-09-09,False,True,MODEL_UNAVAILABLE
KALYANKJIL,KALYANKJIL Limited,,NIFTY_200,,249,2024-09-09,2026-09-09,False,True,MODEL_UNAVAILABLE
KARURVYSYA,KARURVYSYA Limited,,NIFTY_200,KARURVYSYA_rf_202609090846.joblib,989,2021-09-09,2026-09-07,True,True,ELIGIBLE
KEI,KEI Limited,,NIFTY_200,KEI_rf_202609090846.joblib,990,2021-09-09,2026-09-08,True,True,ELIGIBLE
KOTAKBANK,KOTAKBANK Limited,,NIFTY_200,,252,2025-09-08,2026-09-08,False,True,MODEL_UNAVAILABLE
KPITTECH,KPITTECH Limited,,NIFTY_200,,252,2025-09-08,2026-09-08,False,True,MODEL_UNAVAILABLE
L&TFH,L&TFH Limited,,NIFTY_200,,249,2024-09-09,2026-09-09,False,True,MODEL_UNAVAILABLE
LICHSGFIN,LICHSGFIN Limited,,NIFTY_200,,251,2025-09-08,2026-09-08,False,True,MODEL_UNAVAILABLE
LICI,LICI Limited,,NIFTY_200,,252,2025-09-08,2026-09-08,False,True,MODEL_UNAVAILABLE
LT,LT Limited,,NIFTY_200,,249,2024-09-09,2026-09-09,False,True,MODEL_UNAVAILABLE
LUPIN,LUPIN Limited,,NIFTY_200,,249,2024-09-09,2026-09-09,False,True,MODEL_UNAVAILABLE
M&M,M&M Limited,,NIFTY_200,,252,2025-09-08,2026-09-08,False,True,MODEL_UNAVAILABLE
M&MFIN,M&MFIN Limited,,NIFTY_200,,252,2025-09-08,2026-09-08,False,True,MODEL_UNAVAILABLE
MANAPPURAM,MANAPPURAM Limited,,NIFTY_200,,252,2025-09-08,2026-09-08,False,True,MODEL_UNAVAILABLE
MARICO,MARICO Limited,,NIFTY_200,MARICO_rf_202609090846.joblib,987,2021-09-09,2026-09-09,True,True,ELIGIBLE
MAZDOCK,MAZDOCK Limited,,NIFTY_200,,251,2025-09-08,2026-09-08,False,True,MODEL_UNAVAILABLE
MFSL,MFSL Limited,,NIFTY_200,,249,2024-09-09,2026-09-09,False,True,MODEL_UNAVAILABLE
MGL,MGL Limited,,NIFTY_200,,249,2024-09-09,2026-09-09,False,True,MODEL_UNAVAILABLE
MPHASIS,MPHASIS Limited,,NIFTY_200,,251,2025-09-08,2026-09-08,False,True,MODEL_UNAVAILABLE
MRF,MRF Limited,,NIFTY_200,,249,2024-09-09,2026-09-09,False,True,MODEL_UNAVAILABLE
NATIONALUM,NATIONALUM Limited,,NIFTY_200,,252,2025-09-08,2026-09-08,False,True,MODEL_UNAVAILABLE
NAVINFLUOR,NAVINFLUOR Limited,,NIFTY_200,,251,2025-09-08,2026-09-08,False,True,MODEL_UNAVAILABLE
NESTLEIND,NESTLEIND Limited,,NIFTY_200,,252,2025-09-08,2026-09-08,False,True,MODEL_UNAVAILABLE
NHPC,NHPC Limited,,NIFTY_200,,249,2024-09-09,2026-09-09,False,True,MODEL_UNAVAILABLE
NMDC,NMDC Limited,,NIFTY_200,,249,2024-09-09,2026-09-09,False,True,MODEL_UNAVAILABLE
NTPC,NTPC Limited,,NIFTY_200,NTPC_rf_202609090847.joblib,987,2021-09-09,2026-09-09,True,True,ELIGIBLE
NYKAA,NYKAA Limited,,NIFTY_200,NYKAA_rf_202609090847.joblib,946,2021-11-10,2026-09-09,True,True,ELIGIBLE
OBEROIRLTY,OBEROIRLTY Limited,,NIFTY_200,OBEROIRLTY_rf_202609090847.joblib,987,2021-09-09,2026-09-09,True,True,ELIGIBLE
OIL,OIL Limited,,NIFTY_200,,249,2024-09-09,2026-09-09,False,True,MODEL_UNAVAILABLE
ONGC,ONGC Limited,,NIFTY_200,ONGC_rf_202609090847.joblib,987,2021-09-09,2026-09-09,True,True,ELIGIBLE
PAGEIND,PAGEIND Limited,,NIFTY_200,,250,2025-09-08,2026-09-08,False,True,MODEL_UNAVAILABLE
PATANJALI,PATANJALI Limited,,NIFTY_200,,252,2025-09-08,2026-09-08,False,True,MODEL_UNAVAILABLE
PEL,PEL Limited,,NIFTY_200,,211,2025-11-07,2026-09-08,False,True,MODEL_UNAVAILABLE
PERSISTENT,PERSISTENT Limited,,NIFTY_200,,252,2025-09-08,2026-09-08,False,True,MODEL_UNAVAILABLE
PETRONET,PETRONET Limited,,NIFTY_200,,251,2025-09-08,2026-09-08,False,True,MODEL_UNAVAILABLE
PFC,PFC Limited,,NIFTY_200,,252,2025-09-08,2026-09-08,False,True,MODEL_UNAVAILABLE
PHOENIXLTD,PHOENIXLTD Limited,,NIFTY_200,PHOENIXLTD_rf_202609090847.joblib,987,2021-09-09,2026-09-07,True,True,ELIGIBLE
PIDILITIND,PIDILITIND Limited,,NIFTY_200,,252,2025-09-08,2026-09-08,False,True,MODEL_UNAVAILABLE
PIIND,PIIND Limited,,NIFTY_200,PIIND_rf_202609090847.joblib,987,2021-09-09,2026-09-09,True,True,ELIGIBLE
PNB,PNB Limited,,NIFTY_200,,249,2024-09-09,2026-09-09,False,True,MODEL_UNAVAILABLE
POLYCAB,POLYCAB Limited,,NIFTY_200,,252,2025-09-08,2026-09-08,False,True,MODEL_UNAVAILABLE
POONAWALLA,POONAWALLA Limited,,NIFTY_200,,249,2024-09-09,2026-09-09,False,True,MODEL_UNAVAILABLE
PRESTIGE,PRESTIGE Limited,,NIFTY_200,PRESTIGE_rf_202609090847.joblib,987,2021-09-09,2026-09-09,True,True,ELIGIBLE
PVRINOX,PVRINOX Limited,,NIFTY_200,PVRINOX_rf_202609090847.joblib,986,2021-09-09,2026-09-09,True,True,ELIGIBLE
RADICO,RADICO Limited,,NIFTY_200,,251,2025-09-08,2026-09-08,False,True,MODEL_UNAVAILABLE
RECLTD,RECLTD Limited,,NIFTY_200,,249,2024-09-09,2026-09-09,False,True,MODEL_UNAVAILABLE
RELIANCE,RELIANCE Limited,,NIFTY_200,RELIANCE_rf_202609090641.joblib,990,2021-09-09,2026-09-08,True,True,ELIGIBLE
RVNL,RVNL Limited,,NIFTY_200,,251,2025-09-08,2026-09-08,False,True,MODEL_UNAVAILABLE
SAIL,SAIL Limited,,NIFTY_200,SAIL_rf_202609090848.joblib,987,2021-09-09,2026-09-09,True,True,ELIGIBLE
SBICARD,SBICARD Limited,,NIFTY_200,SBICARD_rf_202609090848.joblib,989,2021-09-09,2026-09-08,True,True,ELIGIBLE
SBILIFE,SBILIFE Limited,,NIFTY_200,,249,2024-09-09,2026-09-09,False,True,MODEL_UNAVAILABLE
SBIN,SBIN Limited,,NIFTY_200,,252,2025-09-08,2026-09-08,False,True,MODEL_UNAVAILABLE
SHREECEM,SHREECEM Limited,,NIFTY_200,,249,2024-09-09,2026-09-09,False,True,MODEL_UNAVAILABLE
SHRIRAMFIN,SHRIRAMFIN Limited,,NIFTY_200,SHRIRAMFIN_rf_202609090848.joblib,987,2021-09-09,2026-09-09,True,True,ELIGIBLE
SJVN,SJVN Limited,,NIFTY_200,SJVN_rf_202609090848.joblib,987,2021-09-09,2026-09-09,True,True,ELIGIBLE
SKFINDIA,SKFINDIA Limited,,NIFTY_200,,252,2025-09-08,2026-09-08,False,True,MODEL_UNAVAILABLE
SONACOMS,SONACOMS Limited,,NIFTY_200,,249,2024-09-09,2026-09-09,False,True,MODEL_UNAVAILABLE
SRF,SRF Limited,,NIFTY_200,,249,2024-09-09,2026-09-09,False,True,MODEL_UNAVAILABLE
SUNPHARMA,SUNPHARMA Limited,,NIFTY_200,,252,2025-09-08,2026-09-08,False,True,MODEL_UNAVAILABLE
SUNTV,SUNTV Limited,,NIFTY_200,,251,2025-09-08,2026-09-08,False,True,MODEL_UNAVAILABLE
SUPREMEIND,SUPREMEIND Limited,,NIFTY_200,,251,2025-09-08,2026-09-08,False,True,MODEL_UNAVAILABLE
SUZLON,SUZLON Limited,,NIFTY_200,SUZLON_rf_202609090848.joblib,987,2021-09-09,2026-09-09,True,True,ELIGIBLE
SYNGENE,SYNGENE Limited,,NIFTY_200,,249,2024-09-09,2026-09-09,False,True,MODEL_UNAVAILABLE
TATACOMM,TATACOMM Limited,,NIFTY_200,,251,2025-09-08,2026-09-08,False,True,MODEL_UNAVAILABLE
TATAELXSI,TATAELXSI Limited,,NIFTY_200,,252,2025-09-08,2026-09-08,False,True,MODEL_UNAVAILABLE
TATAMOTORS,TATAMOTORS Limited,,NIFTY_200,,208,2025-11-12,2026-09-08,False,True,MODEL_UNAVAILABLE
TATAPOWER,TATAPOWER Limited,,NIFTY_200,,252,2025-09-08,2026-09-08,False,True,MODEL_UNAVAILABLE
TATASTEEL,TATASTEEL Limited,,NIFTY_200,,252,2025-09-08,2026-09-08,False,True,MODEL_UNAVAILABLE
EICHERMOT,EICHERMOT Limited,,NIFTY_200,,249,2024-09-09,2026-09-09,False,True,MODEL_UNAVAILABLE
FEDERALBNK,FEDERALBNK Limited,,NIFTY_200,,249,2024-09-09,2026-09-09,False,True,MODEL_UNAVAILABLE
GODREJCP,GODREJCP Limited,,NIFTY_200,,252,2025-09-08,2026-09-08,False,True,MODEL_UNAVAILABLE
HINDZINC,HINDZINC Limited,,NIFTY_200,HINDZINC_rf_202609090848.joblib,990,2021-09-09,2026-09-08,True,True,ELIGIBLE
INDUSINDBK,INDUSINDBK Limited,,NIFTY_200,,252,2025-09-08,2026-09-08,False,True,MODEL_UNAVAILABLE
KANSAINER,KANSAINER Limited,,NIFTY_200,,249,2024-09-09,2026-09-09,False,True,MODEL_UNAVAILABLE
MAHABANK,MAHABANK Limited,,NIFTY_200,,252,2025-09-08,2026-09-08,False,True,MODEL_UNAVAILABLE
MARUTI,MARUTI Limited,,NIFTY_200,,252,2025-09-08,2026-09-08,False,True,MODEL_UNAVAILABLE
MUTHOOTFIN,MUTHOOTFIN Limited,,NIFTY_200,,252,2025-09-08,2026-09-08,False,True,MODEL_UNAVAILABLE
PAYTM,PAYTM Limited,,NIFTY_200,,251,2025-09-08,2026-09-08,False,True,MODEL_UNAVAILABLE
POWERGRID,POWERGRID Limited,,NIFTY_200,,249,2024-09-09,2026-09-09,False,True,MODEL_UNAVAILABLE
SIEMENS,SIEMENS Limited,,NIFTY_200,,251,2025-09-08,2026-09-08,False,True,MODEL_UNAVAILABLE
TATACONSUM,TATACONSUM Limited,,NIFTY_200,TATACONSUM_rf_202609090848.joblib,990,2021-09-09,2026-09-08,True,True,ELIGIBLE
TCS,TCS Limited,,NIFTY_200,TCS_rf_202609090641.joblib,990,2021-09-09,2026-09-08,True,True,ELIGIBLE
TECHM,TECHM Limited,,NIFTY_200,,252,2025-09-08,2026-09-08,False,True,MODEL_UNAVAILABLE
TIINDIA,TIINDIA Limited,,NIFTY_200,TIINDIA_rf_202609090849.joblib,987,2021-09-09,2026-09-09,True,True,ELIGIBLE
TITAN,TITAN Limited,,NIFTY_200,,252,2025-09-08,2026-09-08,False,True,MODEL_UNAVAILABLE
TORNTPHARM,TORNTPHARM Limited,,NIFTY_200,,249,2024-09-09,2026-09-09,False,True,MODEL_UNAVAILABLE
TORNTPOWER,TORNTPOWER Limited,,NIFTY_200,,251,2025-09-08,2026-09-08,False,True,MODEL_UNAVAILABLE
TRENT,TRENT Limited,,NIFTY_200,,249,2024-09-09,2026-09-09,False,True,MODEL_UNAVAILABLE
TRIDENT,TRIDENT Limited,,NIFTY_200,,251,2025-09-08,2026-09-08,False,True,MODEL_UNAVAILABLE
UBL,UBL Limited,,NIFTY_200,UBL_rf_202609090849.joblib,989,2021-09-09,2026-09-08,True,True,ELIGIBLE
UCOBANK,UCOBANK Limited,,NIFTY_200,UCOBANK_rf_202609090849.joblib,989,2021-09-09,2026-09-08,True,True,ELIGIBLE
ULTRACEMCO,ULTRACEMCO Limited,,NIFTY_200,ULTRACEMCO_rf_202609090849.joblib,987,2021-09-09,2026-09-09,True,True,ELIGIBLE
UNIONBANK,UNIONBANK Limited,,NIFTY_200,UNIONBANK_rf_202609090849.joblib,990,2021-09-09,2026-09-08,True,True,ELIGIBLE
UNITDSPR,UNITDSPR Limited,,NIFTY_200,,252,2025-09-08,2026-09-08,False,True,MODEL_UNAVAILABLE
VBL,VBL Limited,,NIFTY_200,,252,2025-09-08,2026-09-08,False,True,MODEL_UNAVAILABLE
VEDL,VEDL Limited,,NIFTY_200,,252,2025-09-08,2026-09-08,False,True,MODEL_UNAVAILABLE
VOLTAS,VOLTAS Limited,,NIFTY_200,,252,2025-09-08,2026-09-08,False,True,MODEL_UNAVAILABLE
WHIRLPOOL,WHIRLPOOL Limited,,NIFTY_200,,251,2025-09-08,2026-09-08,False,True,MODEL_UNAVAILABLE
WIPRO,WIPRO Limited,,NIFTY_200,,252,2025-09-08,2026-09-08,False,True,MODEL_UNAVAILABLE
