symbol,index_membership,sector,industry,model_name,model_version,record_count,first_date,last_date,signal_count,champion_model_available,historical_data_available,eligibility,actually_scanned
ACC,NIFTY_200,,,ACC_rf_202609091047.joblib,202609091047,989.0,2021-09-09,2026-09-08,0,True,True,ELIGIBLE,True
APOLLOTYRE,NIFTY_200,,,APOLLOTYRE_rf_202609090842.joblib,202609090842,249.0,2024-09-09,2026-09-09,0,True,True,ELIGIBLE,True
CANFINHOME,NIFTY_200,,,CANFINHOME_rf_202609090843.joblib,202609090843,249.0,2024-09-09,2026-09-09,0,True,True,ELIGIBLE,True
GUJGASLTD,NIFTY_200,,,,,,,,0,False,False,MODEL_UNAVAILABLE,False
MAXHEALTH,NIFTY_200,,,MAXHEALTH_rf_202609091045.joblib,202609091045,987.0,2021-09-09,2026-09-09,0,True,True,ELIGIBLE,True
ADANIPORTS,NIFTY_200,,,ADANIPORTS_rf_202609091047.joblib,202609091047,989.0,2021-09-09,2026-09-08,0,True,True,ELIGIBLE,True
ADANIPOWER,NIFTY_200,,,ADANIPOWER_rf_202609091048.joblib,202609091048,990.0,2021-09-09,2026-09-08,0,True,True,ELIGIBLE,True
APOLLOHOSP,NIFTY_200,,,APOLLOHOSP_rf_202609091046.joblib,202609091046,988.0,2021-09-09,2026-09-09,0,True,True,ELIGIBLE,True
ZOMATO,NIFTY_200,,,ZOMATO_rf_202609090741.joblib,202609090741,738.0,2021-09-09,2024-09-06,0,True,True,ELIGIBLE,True
ZYDUSLIFE,NIFTY_200,,,ZYDUSLIFE_rf_202609090741.joblib,202609090741,501.0,2024-09-09,2026-09-09,0,True,True,ELIGIBLE,True
ABB,NIFTY_200,,,ABB_rf_202609091047.joblib,202609091047,987.0,2021-09-09,2026-09-09,0,True,True,ELIGIBLE,True
AMBUJACEM,NIFTY_200,,,AMBUJACEM_rf_202609090842.joblib,202609090842,252.0,2025-09-08,2026-09-08,0,True,True,ELIGIBLE,True
BAJFINANCE,NIFTY_200,,,BAJFINANCE_rf_202609091048.joblib,202609091048,990.0,2021-09-09,2026-09-08,0,True,True,ELIGIBLE,True
BOSCHLTD,NIFTY_200,,,BOSCHLTD_rf_202609090842.joblib,202609090842,251.0,2025-09-08,2026-09-08,0,True,True,ELIGIBLE,True
COROMANDEL,NIFTY_200,,,COROMANDEL_rf_202609091047.joblib,202609091047,990.0,2021-09-09,2026-09-08,0,True,True,ELIGIBLE,True
YESBANK,NIFTY_200,,,YESBANK_rf_202609090815.joblib,202609090815,738.0,2021-09-09,2024-09-06,0,True,True,ELIGIBLE,True
ADANIENSOL,NIFTY_200,,,ADANIENSOL_rf_202609091046.joblib,202609091046,987.0,2021-09-09,2026-09-09,0,True,True,ELIGIBLE,True
ADANIENT,NIFTY_200,,,ADANIENT_rf_202609091046.joblib,202609091046,990.0,2021-09-09,2026-09-08,0,True,True,ELIGIBLE,True
ADANIGREEN,NIFTY_200,,,ADANIGREEN_rf_202609091049.joblib,202609091049,990.0,2021-09-09,2026-09-08,0,True,True,ELIGIBLE,True
LTIM,NIFTY_200,,,,,,,,0,False,False,MODEL_UNAVAILABLE,False
AUROPHARMA,NIFTY_200,,,AUROPHARMA_rf_202609091049.joblib,202609091049,987.0,2021-09-09,2026-09-09,0,True,True,ELIGIBLE,True
AXISBANK,NIFTY_200,,,AXISBANK_rf_202609091046.joblib,202609091046,987.0,2021-09-09,2026-09-09,0,True,True,ELIGIBLE,True
BAJAJ-AUTO,NIFTY_200,,,BAJAJ-AUTO_rf_202609090842.joblib,202609090842,249.0,2024-09-09,2026-09-09,0,True,True,ELIGIBLE,True
BAJAJFINSV,NIFTY_200,,,BAJAJFINSV_rf_202609091048.joblib,202609091048,987.0,2021-09-09,2026-09-09,0,True,True,ELIGIBLE,True
BAJAJHLDNG,NIFTY_200,,,BAJAJHLDNG_rf_202609091049.joblib,202609091049,988.0,2021-09-09,2026-09-09,0,True,True,ELIGIBLE,True
BALKRISIND,NIFTY_200,,,BALKRISIND_rf_202609091046.joblib,202609091046,988.0,2021-09-09,2026-09-09,0,True,True,ELIGIBLE,True
BANDHANBNK,NIFTY_200,,,BANDHANBNK_rf_202609091048.joblib,202609091048,990.0,2021-09-09,2026-09-08,0,True,True,ELIGIBLE,True
BANKBARODA,NIFTY_200,,,BANKBARODA_rf_202609091046.joblib,202609091046,987.0,2021-09-09,2026-09-09,0,True,True,ELIGIBLE,True
BANKINDIA,NIFTY_200,,,BANKINDIA_rf_202609091046.joblib,202609091046,987.0,2021-09-09,2026-09-09,0,True,True,ELIGIBLE,True
BATAINDIA,NIFTY_200,,,BATAINDIA_rf_202609091047.joblib,202609091047,990.0,2021-09-09,2026-09-08,0,True,True,ELIGIBLE,True
BEL,NIFTY_200,,,BEL_rf_202609090842.joblib,202609090842,249.0,2024-09-09,2026-09-09,0,True,True,ELIGIBLE,True
BERGEPAINT,NIFTY_200,,,BERGEPAINT_rf_202609091046.joblib,202609091046,989.0,2021-09-09,2026-09-08,0,True,True,ELIGIBLE,True
BHARATFORG,NIFTY_200,,,BHARATFORG_rf_202609091048.joblib,202609091048,989.0,2021-09-09,2026-09-08,0,True,True,ELIGIBLE,True
BHARTIARTL,NIFTY_200,,,BHARTIARTL_rf_202609091048.joblib,202609091048,990.0,2021-09-09,2026-09-08,0,True,True,ELIGIBLE,True
BHEL,NIFTY_200,,,BHEL_rf_202609091045.joblib,202609091045,987.0,2021-09-09,2026-09-09,0,True,True,ELIGIBLE,True
BIOCON,NIFTY_200,,,BIOCON_rf_202609091045.joblib,202609091045,987.0,2021-09-09,2026-09-09,0,True,True,ELIGIBLE,True
BLUEDART,NIFTY_200,,,BLUEDART_rf_202609091047.joblib,202609091047,989.0,2021-09-09,2026-09-08,0,True,True,ELIGIBLE,True
BPCL,NIFTY_200,,,BPCL_rf_202609091047.joblib,202609091047,990.0,2021-09-09,2026-09-08,0,True,True,ELIGIBLE,True
BRITANNIA,NIFTY_200,,,BRITANNIA_rf_202609091046.joblib,202609091046,990.0,2021-09-09,2026-09-08,0,True,True,ELIGIBLE,True
CANBK,NIFTY_200,,,CANBK_rf_202609091046.joblib,202609091046,990.0,2021-09-09,2026-09-08,0,True,True,ELIGIBLE,True
CGPOWER,NIFTY_200,,,CGPOWER_rf_202609091046.joblib,202609091046,990.0,2021-09-09,2026-09-08,0,True,True,ELIGIBLE,True
CHAMBLFERT,NIFTY_200,,,CHAMBLFERT_rf_202609091048.joblib,202609091048,989.0,2021-09-09,2026-09-08,0,True,True,ELIGIBLE,True
CHOLAFIN,NIFTY_200,,,CHOLAFIN_rf_202609091048.joblib,202609091048,987.0,2021-09-09,2026-09-09,0,True,True,ELIGIBLE,True
CIPLA,NIFTY_200,,,CIPLA_rf_202609091046.joblib,202609091046,989.0,2021-09-09,2026-09-08,0,True,True,ELIGIBLE,True
COALINDIA,NIFTY_200,,,COALINDIA_rf_202609091048.joblib,202609091048,990.0,2021-09-09,2026-09-08,0,True,True,ELIGIBLE,True
COFORGE,NIFTY_200,,,COFORGE_rf_202609091048.joblib,202609091048,987.0,2021-09-09,2026-09-09,0,True,True,ELIGIBLE,True
COLPAL,NIFTY_200,,,COLPAL_rf_202609090843.joblib,202609090843,252.0,2025-09-08,2026-09-08,0,True,True,ELIGIBLE,True
CONCOR,NIFTY_200,,,CONCOR_rf_202609091049.joblib,202609091049,990.0,2021-09-09,2026-09-08,0,True,True,ELIGIBLE,True
CROMPTON,NIFTY_200,,,CROMPTON_rf_202609090843.joblib,202609090843,249.0,2024-09-09,2026-09-09,0,True,True,ELIGIBLE,True
CUMMINSIND,NIFTY_200,,,CUMMINSIND_rf_202609091048.joblib,202609091048,989.0,2021-09-09,2026-09-08,0,True,True,ELIGIBLE,True
DABUR,NIFTY_200,,,DABUR_rf_202609091049.joblib,202609091049,990.0,2021-09-09,2026-09-08,0,True,True,ELIGIBLE,True
DALBHARAT,NIFTY_200,,,DALBHARAT_rf_202609091049.joblib,202609091049,988.0,2021-09-09,2026-09-08,0,True,True,ELIGIBLE,True
DEEPAKNTR,NIFTY_200,,,DEEPAKNTR_rf_202609090843.joblib,202609090843,249.0,2024-09-09,2026-09-09,1,True,True,ELIGIBLE,True
DELHIVERY,NIFTY_200,,,DELHIVERY_rf_202609090843.joblib,202609090843,251.0,2025-09-08,2026-09-08,53,True,True,ELIGIBLE,True
DIVISLAB,NIFTY_200,,,DIVISLAB_rf_202609091047.joblib,202609091047,987.0,2021-09-09,2026-09-09,0,True,True,ELIGIBLE,True
DIXON,NIFTY_200,,,,,249.0,2024-09-09,2026-09-09,0,False,True,MODEL_UNAVAILABLE,False
ASIANPAINT,NIFTY_200,,,ASIANPAINT_rf_202609091047.joblib,202609091047,990.0,2021-09-09,2026-09-08,0,True,True,ELIGIBLE,True
DLF,NIFTY_200,,,,,249.0,2024-09-09,2026-09-09,0,False,True,MODEL_UNAVAILABLE,False
DRREDDY,NIFTY_200,,,,,252.0,2025-09-08,2026-09-08,0,False,True,MODEL_UNAVAILABLE,False
ESCORTS,NIFTY_200,,,ESCORTS_rf_202609090844.joblib,202609090844,989.0,2021-09-09,2026-09-08,0,True,True,ELIGIBLE,True
EXIDEIND,NIFTY_200,,,EXIDEIND_rf_202609090844.joblib,202609090844,987.0,2021-09-09,2026-09-09,0,True,True,ELIGIBLE,True
HEROMOTOCO,NIFTY_200,,,HEROMOTOCO_rf_202609090844.joblib,202609090844,990.0,2021-09-09,2026-09-08,0,True,True,ELIGIBLE,True
FORTIS,NIFTY_200,,,,,249.0,2024-09-09,2026-09-09,0,False,True,MODEL_UNAVAILABLE,False
GAIL,NIFTY_200,,,GAIL_rf_202609091046.joblib,202609091046,987.0,2021-09-09,2026-09-09,0,True,True,ELIGIBLE,True
ATGL,NIFTY_200,,,ATGL_rf_202609091047.joblib,202609091047,987.0,2021-09-09,2026-09-09,0,True,True,ELIGIBLE,True
GLENMARK,NIFTY_200,,,GLENMARK_rf_202609090844.joblib,202609090844,250.0,2024-09-09,2026-09-09,0,True,True,ELIGIBLE,True
GMRINFRA,NIFTY_200,,,GMRINFRA_rf_202609091047.joblib,202609091047,990.0,2021-09-09,2026-09-08,0,True,True,ELIGIBLE,True
GODREJPROP,NIFTY_200,,,GODREJPROP_rf_202609091049.joblib,202609091049,990.0,2021-09-09,2026-09-08,0,True,True,ELIGIBLE,True
ASTRAL,NIFTY_200,,,,,250.0,2025-09-08,2026-09-04,0,False,True,MODEL_UNAVAILABLE,False
ASHOKLEY,NIFTY_200,,,,,252.0,2025-09-08,2026-09-08,0,False,True,MODEL_UNAVAILABLE,False
GRASIM,NIFTY_200,,,,,249.0,2024-09-09,2026-09-09,0,False,True,MODEL_UNAVAILABLE,False
HAL,NIFTY_200,,,HAL_rf_202609090844.joblib,202609090844,989.0,2021-09-09,2026-09-08,0,True,True,ELIGIBLE,True
HAVELLS,NIFTY_200,,,,,251.0,2025-09-08,2026-09-08,0,False,True,MODEL_UNAVAILABLE,False
HCLTECH,NIFTY_200,,,HCLTECH_rf_202609090844.joblib,202609090844,990.0,2021-09-09,2026-09-08,0,True,True,ELIGIBLE,True
HDFCBANK,NIFTY_200,,,HDFCBANK_rf_202609090641.joblib,202609090641,249.0,2024-09-09,2026-09-09,0,True,True,ELIGIBLE,True
HDFCLIFE,NIFTY_200,,,,,249.0,2024-09-09,2026-09-09,0,False,True,MODEL_UNAVAILABLE,False
HINDALCO,NIFTY_200,,,,,251.0,2025-09-08,2026-09-08,0,False,True,MODEL_UNAVAILABLE,False
HINDCOPPER,NIFTY_200,,,HINDCOPPER_rf_202609090845.joblib,202609090845,990.0,2021-09-09,2026-09-08,0,True,True,ELIGIBLE,True
HINDPETRO,NIFTY_200,,,,,249.0,2024-09-09,2026-09-09,0,False,True,MODEL_UNAVAILABLE,False
HINDUNILVR,NIFTY_200,,,,,251.0,2025-09-08,2026-09-08,0,False,True,MODEL_UNAVAILABLE,False
HUDCO,NIFTY_200,,,,,252.0,2025-09-08,2026-09-08,0,False,True,MODEL_UNAVAILABLE,False
ICICIBANK,NIFTY_200,,,ICICIBANK_rf_202609090641.joblib,202609090641,990.0,2021-09-09,2026-09-08,0,True,True,ELIGIBLE,True
ICICIGI,NIFTY_200,,,ICICIGI_rf_202609090845.joblib,202609090845,987.0,2021-09-09,2026-09-09,0,True,True,ELIGIBLE,True
ICICIPRULI,NIFTY_200,,,,,251.0,2025-09-08,2026-09-08,0,False,True,MODEL_UNAVAILABLE,False
IDBI,NIFTY_200,,,IDBI_rf_202609090845.joblib,202609090845,987.0,2021-09-09,2026-09-09,0,True,True,ELIGIBLE,True
IDFCFIRSTB,NIFTY_200,,,,,252.0,2025-09-08,2026-09-08,0,False,True,MODEL_UNAVAILABLE,False
IGL,NIFTY_200,,,,,249.0,2024-09-09,2026-09-09,0,False,True,MODEL_UNAVAILABLE,False
INDHOTEL,NIFTY_200,,,,,252.0,2025-09-08,2026-09-08,0,False,True,MODEL_UNAVAILABLE,False
INDIAMART,NIFTY_200,,,,,249.0,2024-09-09,2026-09-09,0,False,True,MODEL_UNAVAILABLE,False
INDIANB,NIFTY_200,,,INDIANB_rf_202609090845.joblib,202609090845,987.0,2021-09-09,2026-09-09,0,True,True,ELIGIBLE,True
INDIGO,NIFTY_200,,,,,250.0,2025-09-08,2026-09-08,0,False,True,MODEL_UNAVAILABLE,False
INDUSTOWER,NIFTY_200,,,,,252.0,2025-09-08,2026-09-08,0,False,True,MODEL_UNAVAILABLE,False
INFY,NIFTY_200,,,INFY_rf_202609090641.joblib,202609090641,990.0,2021-09-09,2026-09-08,0,True,True,ELIGIBLE,True
IOC,NIFTY_200,,,,,249.0,2024-09-09,2026-09-09,0,False,True,MODEL_UNAVAILABLE,False
IRB,NIFTY_200,,,,,252.0,2025-09-08,2026-09-08,0,False,True,MODEL_UNAVAILABLE,False
IRCTC,NIFTY_200,,,,,249.0,2024-09-09,2026-09-09,0,False,True,MODEL_UNAVAILABLE,False
IRFC,NIFTY_200,,,IRFC_rf_202609090845.joblib,202609090845,989.0,2021-09-09,2026-09-08,0,True,True,ELIGIBLE,True
ITC,NIFTY_200,,,ITC_rf_202609090845.joblib,202609090845,987.0,2021-09-09,2026-09-09,0,True,True,ELIGIBLE,True
JINDALSTEL,NIFTY_200,,,JINDALSTEL_rf_202609090846.joblib,202609090846,989.0,2021-09-09,2026-09-08,0,True,True,ELIGIBLE,True
JSWENERGY,NIFTY_200,,,JSWENERGY_rf_202609090846.joblib,202609090846,987.0,2021-09-09,2026-09-09,0,True,True,ELIGIBLE,True
JSWSTEEL,NIFTY_200,,,,,249.0,2024-09-09,2026-09-09,0,False,True,MODEL_UNAVAILABLE,False
JUBLFOOD,NIFTY_200,,,,,249.0,2024-09-09,2026-09-09,0,False,True,MODEL_UNAVAILABLE,False
KALYANKJIL,NIFTY_200,,,,,249.0,2024-09-09,2026-09-09,0,False,True,MODEL_UNAVAILABLE,False
KARURVYSYA,NIFTY_200,,,KARURVYSYA_rf_202609090846.joblib,202609090846,989.0,2021-09-09,2026-09-07,0,True,True,ELIGIBLE,True
KEI,NIFTY_200,,,KEI_rf_202609090846.joblib,202609090846,990.0,2021-09-09,2026-09-08,0,True,True,ELIGIBLE,True
KOTAKBANK,NIFTY_200,,,,,252.0,2025-09-08,2026-09-08,0,False,True,MODEL_UNAVAILABLE,False
KPITTECH,NIFTY_200,,,,,252.0,2025-09-08,2026-09-08,0,False,True,MODEL_UNAVAILABLE,False
L&TFH,NIFTY_200,,,,,249.0,2024-09-09,2026-09-09,0,False,True,MODEL_UNAVAILABLE,False
LICHSGFIN,NIFTY_200,,,,,251.0,2025-09-08,2026-09-08,0,False,True,MODEL_UNAVAILABLE,False
LICI,NIFTY_200,,,,,252.0,2025-09-08,2026-09-08,0,False,True,MODEL_UNAVAILABLE,False
LT,NIFTY_200,,,,,249.0,2024-09-09,2026-09-09,0,False,True,MODEL_UNAVAILABLE,False
LUPIN,NIFTY_200,,,,,249.0,2024-09-09,2026-09-09,0,False,True,MODEL_UNAVAILABLE,False
M&M,NIFTY_200,,,,,252.0,2025-09-08,2026-09-08,0,False,True,MODEL_UNAVAILABLE,False
M&MFIN,NIFTY_200,,,,,252.0,2025-09-08,2026-09-08,0,False,True,MODEL_UNAVAILABLE,False
MANAPPURAM,NIFTY_200,,,,,252.0,2025-09-08,2026-09-08,0,False,True,MODEL_UNAVAILABLE,False
MARICO,NIFTY_200,,,MARICO_rf_202609090846.joblib,202609090846,987.0,2021-09-09,2026-09-09,0,True,True,ELIGIBLE,True
MAZDOCK,NIFTY_200,,,,,251.0,2025-09-08,2026-09-08,0,False,True,MODEL_UNAVAILABLE,False
MFSL,NIFTY_200,,,,,249.0,2024-09-09,2026-09-09,0,False,True,MODEL_UNAVAILABLE,False
MGL,NIFTY_200,,,,,249.0,2024-09-09,2026-09-09,0,False,True,MODEL_UNAVAILABLE,False
MPHASIS,NIFTY_200,,,,,251.0,2025-09-08,2026-09-08,0,False,True,MODEL_UNAVAILABLE,False
MRF,NIFTY_200,,,,,249.0,2024-09-09,2026-09-09,0,False,True,MODEL_UNAVAILABLE,False
NATIONALUM,NIFTY_200,,,,,252.0,2025-09-08,2026-09-08,0,False,True,MODEL_UNAVAILABLE,False
NAVINFLUOR,NIFTY_200,,,,,251.0,2025-09-08,2026-09-08,0,False,True,MODEL_UNAVAILABLE,False
NESTLEIND,NIFTY_200,,,,,252.0,2025-09-08,2026-09-08,0,False,True,MODEL_UNAVAILABLE,False
NHPC,NIFTY_200,,,,,249.0,2024-09-09,2026-09-09,0,False,True,MODEL_UNAVAILABLE,False
NMDC,NIFTY_200,,,,,249.0,2024-09-09,2026-09-09,0,False,True,MODEL_UNAVAILABLE,False
NTPC,NIFTY_200,,,NTPC_rf_202609090847.joblib,202609090847,987.0,2021-09-09,2026-09-09,0,True,True,ELIGIBLE,True
NYKAA,NIFTY_200,,,NYKAA_rf_202609090847.joblib,202609090847,946.0,2021-11-10,2026-09-09,0,True,True,ELIGIBLE,True
OBEROIRLTY,NIFTY_200,,,OBEROIRLTY_rf_202609090847.joblib,202609090847,987.0,2021-09-09,2026-09-09,0,True,True,ELIGIBLE,True
OIL,NIFTY_200,,,,,249.0,2024-09-09,2026-09-09,0,False,True,MODEL_UNAVAILABLE,False
ONGC,NIFTY_200,,,ONGC_rf_202609090847.joblib,202609090847,987.0,2021-09-09,2026-09-09,0,True,True,ELIGIBLE,True
PAGEIND,NIFTY_200,,,,,250.0,2025-09-08,2026-09-08,0,False,True,MODEL_UNAVAILABLE,False
PATANJALI,NIFTY_200,,,,,252.0,2025-09-08,2026-09-08,0,False,True,MODEL_UNAVAILABLE,False
PEL,NIFTY_200,,,,,211.0,2025-11-07,2026-09-08,0,False,True,MODEL_UNAVAILABLE,False
PERSISTENT,NIFTY_200,,,,,252.0,2025-09-08,2026-09-08,0,False,True,MODEL_UNAVAILABLE,False
PETRONET,NIFTY_200,,,,,251.0,2025-09-08,2026-09-08,0,False,True,MODEL_UNAVAILABLE,False
PFC,NIFTY_200,,,,,252.0,2025-09-08,2026-09-08,0,False,True,MODEL_UNAVAILABLE,False
PHOENIXLTD,NIFTY_200,,,PHOENIXLTD_rf_202609090847.joblib,202609090847,987.0,2021-09-09,2026-09-07,0,True,True,ELIGIBLE,True
PIDILITIND,NIFTY_200,,,,,252.0,2025-09-08,2026-09-08,0,False,True,MODEL_UNAVAILABLE,False
PIIND,NIFTY_200,,,PIIND_rf_202609090847.joblib,202609090847,987.0,2021-09-09,2026-09-09,0,True,True,ELIGIBLE,True
PNB,NIFTY_200,,,,,249.0,2024-09-09,2026-09-09,0,False,True,MODEL_UNAVAILABLE,False
POLYCAB,NIFTY_200,,,,,252.0,2025-09-08,2026-09-08,0,False,True,MODEL_UNAVAILABLE,False
POONAWALLA,NIFTY_200,,,,,249.0,2024-09-09,2026-09-09,0,False,True,MODEL_UNAVAILABLE,False
PRESTIGE,NIFTY_200,,,PRESTIGE_rf_202609090847.joblib,202609090847,987.0,2021-09-09,2026-09-09,0,True,True,ELIGIBLE,True
PVRINOX,NIFTY_200,,,PVRINOX_rf_202609090847.joblib,202609090847,986.0,2021-09-09,2026-09-09,0,True,True,ELIGIBLE,True
RADICO,NIFTY_200,,,,,251.0,2025-09-08,2026-09-08,0,False,True,MODEL_UNAVAILABLE,False
RECLTD,NIFTY_200,,,,,249.0,2024-09-09,2026-09-09,0,False,True,MODEL_UNAVAILABLE,False
RELIANCE,NIFTY_200,,,RELIANCE_rf_202609090641.joblib,202609090641,990.0,2021-09-09,2026-09-08,7,True,True,ELIGIBLE,True
RVNL,NIFTY_200,,,,,251.0,2025-09-08,2026-09-08,0,False,True,MODEL_UNAVAILABLE,False
SAIL,NIFTY_200,,,SAIL_rf_202609090848.joblib,202609090848,987.0,2021-09-09,2026-09-09,0,True,True,ELIGIBLE,True
SBICARD,NIFTY_200,,,SBICARD_rf_202609090848.joblib,202609090848,989.0,2021-09-09,2026-09-08,0,True,True,ELIGIBLE,True
SBILIFE,NIFTY_200,,,,,249.0,2024-09-09,2026-09-09,0,False,True,MODEL_UNAVAILABLE,False
SBIN,NIFTY_200,,,,,252.0,2025-09-08,2026-09-08,0,False,True,MODEL_UNAVAILABLE,False
SHREECEM,NIFTY_200,,,,,249.0,2024-09-09,2026-09-09,0,False,True,MODEL_UNAVAILABLE,False
SHRIRAMFIN,NIFTY_200,,,SHRIRAMFIN_rf_202609090848.joblib,202609090848,987.0,2021-09-09,2026-09-09,0,True,True,ELIGIBLE,True
SJVN,NIFTY_200,,,SJVN_rf_202609090848.joblib,202609090848,987.0,2021-09-09,2026-09-09,0,True,True,ELIGIBLE,True
SKFINDIA,NIFTY_200,,,,,252.0,2025-09-08,2026-09-08,0,False,True,MODEL_UNAVAILABLE,False
SONACOMS,NIFTY_200,,,,,249.0,2024-09-09,2026-09-09,0,False,True,MODEL_UNAVAILABLE,False
SRF,NIFTY_200,,,,,249.0,2024-09-09,2026-09-09,0,False,True,MODEL_UNAVAILABLE,False
SUNPHARMA,NIFTY_200,,,,,252.0,2025-09-08,2026-09-08,0,False,True,MODEL_UNAVAILABLE,False
SUNTV,NIFTY_200,,,,,251.0,2025-09-08,2026-09-08,0,False,True,MODEL_UNAVAILABLE,False
SUPREMEIND,NIFTY_200,,,,,251.0,2025-09-08,2026-09-08,0,False,True,MODEL_UNAVAILABLE,False
SUZLON,NIFTY_200,,,SUZLON_rf_202609090848.joblib,202609090848,987.0,2021-09-09,2026-09-09,0,True,True,ELIGIBLE,True
SYNGENE,NIFTY_200,,,,,249.0,2024-09-09,2026-09-09,0,False,True,MODEL_UNAVAILABLE,False
TATACOMM,NIFTY_200,,,,,251.0,2025-09-08,2026-09-08,0,False,True,MODEL_UNAVAILABLE,False
TATAELXSI,NIFTY_200,,,,,252.0,2025-09-08,2026-09-08,0,False,True,MODEL_UNAVAILABLE,False
TATAMOTORS,NIFTY_200,,,,,208.0,2025-11-12,2026-09-08,0,False,True,MODEL_UNAVAILABLE,False
TATAPOWER,NIFTY_200,,,,,252.0,2025-09-08,2026-09-08,0,False,True,MODEL_UNAVAILABLE,False
TATASTEEL,NIFTY_200,,,,,252.0,2025-09-08,2026-09-08,0,False,True,MODEL_UNAVAILABLE,False
EICHERMOT,NIFTY_200,,,,,249.0,2024-09-09,2026-09-09,0,False,True,MODEL_UNAVAILABLE,False
FEDERALBNK,NIFTY_200,,,,,249.0,2024-09-09,2026-09-09,0,False,True,MODEL_UNAVAILABLE,False
GODREJCP,NIFTY_200,,,,,252.0,2025-09-08,2026-09-08,0,False,True,MODEL_UNAVAILABLE,False
HINDZINC,NIFTY_200,,,HINDZINC_rf_202609090848.joblib,202609090848,990.0,2021-09-09,2026-09-08,0,True,True,ELIGIBLE,True
INDUSINDBK,NIFTY_200,,,,,252.0,2025-09-08,2026-09-08,0,False,True,MODEL_UNAVAILABLE,False
KANSAINER,NIFTY_200,,,,,249.0,2024-09-09,2026-09-09,0,False,True,MODEL_UNAVAILABLE,False
MAHABANK,NIFTY_200,,,,,252.0,2025-09-08,2026-09-08,0,False,True,MODEL_UNAVAILABLE,False
MARUTI,NIFTY_200,,,,,252.0,2025-09-08,2026-09-08,0,False,True,MODEL_UNAVAILABLE,False
MUTHOOTFIN,NIFTY_200,,,,,252.0,2025-09-08,2026-09-08,0,False,True,MODEL_UNAVAILABLE,False
PAYTM,NIFTY_200,,,,,251.0,2025-09-08,2026-09-08,0,False,True,MODEL_UNAVAILABLE,False
POWERGRID,NIFTY_200,,,,,249.0,2024-09-09,2026-09-09,0,False,True,MODEL_UNAVAILABLE,False
SIEMENS,NIFTY_200,,,,,251.0,2025-09-08,2026-09-08,0,False,True,MODEL_UNAVAILABLE,False
TATACONSUM,NIFTY_200,,,TATACONSUM_rf_202609090848.joblib,202609090848,990.0,2021-09-09,2026-09-08,0,True,True,ELIGIBLE,True
TCS,NIFTY_200,,,TCS_rf_202609090641.joblib,202609090641,990.0,2021-09-09,2026-09-08,0,True,True,ELIGIBLE,True
TECHM,NIFTY_200,,,,,252.0,2025-09-08,2026-09-08,0,False,True,MODEL_UNAVAILABLE,False
TIINDIA,NIFTY_200,,,TIINDIA_rf_202609090849.joblib,202609090849,987.0,2021-09-09,2026-09-09,0,True,True,ELIGIBLE,True
TITAN,NIFTY_200,,,,,252.0,2025-09-08,2026-09-08,0,False,True,MODEL_UNAVAILABLE,False
TORNTPHARM,NIFTY_200,,,,,249.0,2024-09-09,2026-09-09,0,False,True,MODEL_UNAVAILABLE,False
TORNTPOWER,NIFTY_200,,,,,251.0,2025-09-08,2026-09-08,0,False,True,MODEL_UNAVAILABLE,False
TRENT,NIFTY_200,,,,,249.0,2024-09-09,2026-09-09,0,False,True,MODEL_UNAVAILABLE,False
TRIDENT,NIFTY_200,,,,,251.0,2025-09-08,2026-09-08,0,False,True,MODEL_UNAVAILABLE,False
UBL,NIFTY_200,,,UBL_rf_202609090849.joblib,202609090849,989.0,2021-09-09,2026-09-08,0,True,True,ELIGIBLE,True
UCOBANK,NIFTY_200,,,UCOBANK_rf_202609090849.joblib,202609090849,989.0,2021-09-09,2026-09-08,0,True,True,ELIGIBLE,True
ULTRACEMCO,NIFTY_200,,,ULTRACEMCO_rf_202609090849.joblib,202609090849,987.0,2021-09-09,2026-09-09,0,True,True,ELIGIBLE,True
UNIONBANK,NIFTY_200,,,UNIONBANK_rf_202609090849.joblib,202609090849,990.0,2021-09-09,2026-09-08,0,True,True,ELIGIBLE,True
UNITDSPR,NIFTY_200,,,,,252.0,2025-09-08,2026-09-08,0,False,True,MODEL_UNAVAILABLE,False
VBL,NIFTY_200,,,,,252.0,2025-09-08,2026-09-08,0,False,True,MODEL_UNAVAILABLE,False
VEDL,NIFTY_200,,,,,252.0,2025-09-08,2026-09-08,0,False,True,MODEL_UNAVAILABLE,False
VOLTAS,NIFTY_200,,,,,252.0,2025-09-08,2026-09-08,0,False,True,MODEL_UNAVAILABLE,False
WHIRLPOOL,NIFTY_200,,,,,251.0,2025-09-08,2026-09-08,0,False,True,MODEL_UNAVAILABLE,False
WIPRO,NIFTY_200,,,,,252.0,2025-09-08,2026-09-08,0,False,True,MODEL_UNAVAILABLE,False
