symbol,model_path,model_version,strategy_version,feature_count,load_status,inference_status,error
ABB,backend/ml/registry/ABB_rf_202608180605.joblib,202608180605,v2.2,11,PASSED,PASSED,
ACC,backend/ml/registry/ACC_rf_202608180605.joblib,202608180605,v2.2,11,PASSED,PASSED,
ADANIENSOL,backend/ml/registry/ADANIENSOL_rf_202608180605.joblib,202608180605,v2.2,11,PASSED,PASSED,
ADANIENT,backend/ml/registry/ADANIENT_rf_202608180605.joblib,202608180605,v2.2,11,PASSED,PASSED,
ADANIGREEN,backend/ml/registry/ADANIGREEN_rf_202608180605.joblib,202608180605,v2.2,11,PASSED,PASSED,
ADANIPORTS,backend/ml/registry/ADANIPORTS_rf_202608180605.joblib,202608180605,v2.2,11,PASSED,PASSED,
ADANIPOWER,backend/ml/registry/ADANIPOWER_rf_202608180605.joblib,202608180605,v2.2,11,PASSED,PASSED,
AMBUJACEM,backend/ml/registry/AMBUJACEM_rf_202608180605.joblib,202608180605,v2.2,11,PASSED,PASSED,
APOLLOHOSP,backend/ml/registry/APOLLOHOSP_rf_202608180605.joblib,202608180605,v2.2,11,PASSED,PASSED,
APOLLOTYRE,backend/ml/registry/APOLLOTYRE_rf_202608180605.joblib,202608180605,v2.2,11,PASSED,PASSED,
ASHOKLEY,backend/ml/registry/ASHOKLEY_rf_202608180605.joblib,202608180605,v2.2,11,PASSED,PASSED,
ASIANPAINT,backend/ml/registry/ASIANPAINT_rf_202608180605.joblib,202608180605,v2.2,11,PASSED,PASSED,
ASTRAL,backend/ml/registry/ASTRAL_rf_202608180605.joblib,202608180605,v2.2,11,PASSED,PASSED,
ATGL,backend/ml/registry/ATGL_rf_202608180605.joblib,202608180605,v2.2,11,PASSED,PASSED,
AUROPHARMA,backend/ml/registry/AUROPHARMA_rf_202608180605.joblib,202608180605,v2.2,11,PASSED,PASSED,
AXISBANK,backend/ml/registry/AXISBANK_rf_202608180605.joblib,202608180605,v2.2,11,PASSED,PASSED,
BAJAJ-AUTO,backend/ml/registry/BAJAJ-AUTO_rf_202608180605.joblib,202608180605,v2.2,11,PASSED,PASSED,
BAJAJFINSV,backend/ml/registry/BAJAJFINSV_rf_202608180605.joblib,202608180605,v2.2,11,PASSED,PASSED,
BAJAJHLDNG,backend/ml/registry/BAJAJHLDNG_rf_202608180605.joblib,202608180605,v2.2,11,PASSED,PASSED,
BAJFINANCE,backend/ml/registry/BAJFINANCE_rf_202608180605.joblib,202608180605,v2.2,11,PASSED,PASSED,
BALKRISIND,backend/ml/registry/BALKRISIND_rf_202608180605.joblib,202608180605,v2.2,11,PASSED,PASSED,
BANDHANBNK,backend/ml/registry/BANDHANBNK_rf_202608180605.joblib,202608180605,v2.2,11,PASSED,PASSED,
BANKBARODA,backend/ml/registry/BANKBARODA_rf_202608180605.joblib,202608180605,v2.2,11,PASSED,PASSED,
BANKINDIA,backend/ml/registry/BANKINDIA_rf_202608180605.joblib,202608180605,v2.2,11,PASSED,PASSED,
BATAINDIA,backend/ml/registry/BATAINDIA_rf_202608180605.joblib,202608180605,v2.2,11,PASSED,PASSED,
BEL,backend/ml/registry/BEL_rf_202608180605.joblib,202608180605,v2.2,11,PASSED,PASSED,
BERGEPAINT,backend/ml/registry/BERGEPAINT_rf_202608180605.joblib,202608180605,v2.2,11,PASSED,PASSED,
BHARATFORG,backend/ml/registry/BHARATFORG_rf_202608180605.joblib,202608180605,v2.2,11,PASSED,PASSED,
BHARTIARTL,backend/ml/registry/BHARTIARTL_rf_202608180605.joblib,202608180605,v2.2,11,PASSED,PASSED,
BHEL,backend/ml/registry/BHEL_rf_202608180605.joblib,202608180605,v2.2,11,PASSED,PASSED,
BIOCON,backend/ml/registry/BIOCON_rf_202608180605.joblib,202608180605,v2.2,11,PASSED,PASSED,
BLUEDART,backend/ml/registry/BLUEDART_rf_202608180605.joblib,202608180605,v2.2,11,PASSED,PASSED,
BOSCHLTD,backend/ml/registry/BOSCHLTD_rf_202608180605.joblib,202608180605,v2.2,11,PASSED,PASSED,
BPCL,backend/ml/registry/BPCL_rf_202608180605.joblib,202608180605,v2.2,11,PASSED,PASSED,
BRITANNIA,backend/ml/registry/BRITANNIA_rf_202608180605.joblib,202608180605,v2.2,11,PASSED,PASSED,
CANBK,backend/ml/registry/CANBK_rf_202608180605.joblib,202608180605,v2.2,11,PASSED,PASSED,
CANFINHOME,backend/ml/registry/CANFINHOME_rf_202608180605.joblib,202608180605,v2.2,11,PASSED,PASSED,
CGPOWER,backend/ml/registry/CGPOWER_rf_202608180605.joblib,202608180605,v2.2,11,PASSED,PASSED,
CHAMBLFERT,backend/ml/registry/CHAMBLFERT_rf_202608180605.joblib,202608180605,v2.2,11,PASSED,PASSED,
CHOLAFIN,backend/ml/registry/CHOLAFIN_rf_202608180605.joblib,202608180605,v2.2,11,PASSED,PASSED,
CIPLA,backend/ml/registry/CIPLA_rf_202608180605.joblib,202608180605,v2.2,11,PASSED,PASSED,
COALINDIA,backend/ml/registry/COALINDIA_rf_202608180605.joblib,202608180605,v2.2,11,PASSED,PASSED,
COFORGE,backend/ml/registry/COFORGE_rf_202608180605.joblib,202608180605,v2.2,11,PASSED,PASSED,
COLPAL,backend/ml/registry/COLPAL_rf_202608180605.joblib,202608180605,v2.2,11,PASSED,PASSED,
CONCOR,backend/ml/registry/CONCOR_rf_202608180605.joblib,202608180605,v2.2,11,PASSED,PASSED,
COROMANDEL,backend/ml/registry/COROMANDEL_rf_202608180605.joblib,202608180605,v2.2,11,PASSED,PASSED,
CROMPTON,backend/ml/registry/CROMPTON_rf_202608180605.joblib,202608180605,v2.2,11,PASSED,PASSED,
CUMMINSIND,backend/ml/registry/CUMMINSIND_rf_202608180605.joblib,202608180605,v2.2,11,PASSED,PASSED,
DABUR,backend/ml/registry/DABUR_rf_202608180605.joblib,202608180605,v2.2,11,PASSED,PASSED,
DALBHARAT,backend/ml/registry/DALBHARAT_rf_202608180605.joblib,202608180605,v2.2,11,PASSED,PASSED,
DEEPAKNTR,backend/ml/registry/DEEPAKNTR_rf_202608180605.joblib,202608180605,v2.2,11,PASSED,PASSED,
DELHIVERY,backend/ml/registry/DELHIVERY_rf_202608180605.joblib,202608180605,v2.2,11,PASSED,PASSED,
DIVISLAB,backend/ml/registry/DIVISLAB_rf_202608180605.joblib,202608180605,v2.2,11,PASSED,PASSED,
DIXON,backend/ml/registry/DIXON_rf_202608180605.joblib,202608180605,v2.2,11,PASSED,PASSED,
DLF,backend/ml/registry/DLF_rf_202608180605.joblib,202608180605,v2.2,11,PASSED,PASSED,
DRREDDY,backend/ml/registry/DRREDDY_rf_202608180605.joblib,202608180605,v2.2,11,PASSED,PASSED,
EICHERMOT,backend/ml/registry/EICHERMOT_rf_202608180605.joblib,202608180605,v2.2,11,PASSED,PASSED,
ESCORTS,backend/ml/registry/ESCORTS_rf_202608180605.joblib,202608180605,v2.2,11,PASSED,PASSED,
EXIDEIND,backend/ml/registry/EXIDEIND_rf_202608180605.joblib,202608180605,v2.2,11,PASSED,PASSED,
FEDERALBNK,backend/ml/registry/FEDERALBNK_rf_202608180606.joblib,202608180606,v2.2,11,PASSED,PASSED,
FORTIS,backend/ml/registry/FORTIS_rf_202608180606.joblib,202608180606,v2.2,11,PASSED,PASSED,
GAIL,backend/ml/registry/GAIL_rf_202608180606.joblib,202608180606,v2.2,11,PASSED,PASSED,
GLENMARK,backend/ml/registry/GLENMARK_rf_202608180606.joblib,202608180606,v2.2,11,PASSED,PASSED,
GMRINFRA,backend/ml/registry/GMRINFRA_rf_202608180606.joblib,202608180606,v2.2,11,PASSED,PASSED,
GODREJCP,backend/ml/registry/GODREJCP_rf_202608180606.joblib,202608180606,v2.2,11,PASSED,PASSED,
GODREJPROP,backend/ml/registry/GODREJPROP_rf_202608180606.joblib,202608180606,v2.2,11,PASSED,PASSED,
GRASIM,backend/ml/registry/GRASIM_rf_202608180606.joblib,202608180606,v2.2,11,PASSED,PASSED,
GUJGASLTD,,,v2.2,0,FAILED,FAILED,NO_CHAMPION_IN_REGISTRY
HAL,backend/ml/registry/HAL_rf_202608180606.joblib,202608180606,v2.2,11,PASSED,PASSED,
HAVELLS,backend/ml/registry/HAVELLS_rf_202608180606.joblib,202608180606,v2.2,11,PASSED,PASSED,
HCLTECH,backend/ml/registry/HCLTECH_rf_202608180606.joblib,202608180606,v2.2,11,PASSED,PASSED,
HDFCBANK,backend/ml/registry/HDFCBANK_rf_202608180606.joblib,202608180606,v2.2,11,PASSED,PASSED,
HDFCLIFE,backend/ml/registry/HDFCLIFE_rf_202608180606.joblib,202608180606,v2.2,11,PASSED,PASSED,
HEROMOTOCO,backend/ml/registry/HEROMOTOCO_rf_202608180606.joblib,202608180606,v2.2,11,PASSED,PASSED,
HINDALCO,backend/ml/registry/HINDALCO_rf_202608180606.joblib,202608180606,v2.2,11,PASSED,PASSED,
HINDCOPPER,backend/ml/registry/HINDCOPPER_rf_202608180606.joblib,202608180606,v2.2,11,PASSED,PASSED,
HINDPETRO,backend/ml/registry/HINDPETRO_rf_202608180606.joblib,202608180606,v2.2,11,PASSED,PASSED,
HINDUNILVR,backend/ml/registry/HINDUNILVR_rf_202608180606.joblib,202608180606,v2.2,11,PASSED,PASSED,
HINDZINC,backend/ml/registry/HINDZINC_rf_202608180606.joblib,202608180606,v2.2,11,PASSED,PASSED,
HUDCO,backend/ml/registry/HUDCO_rf_202608180606.joblib,202608180606,v2.2,11,PASSED,PASSED,
ICICIBANK,backend/ml/registry/ICICIBANK_rf_202608180606.joblib,202608180606,v2.2,11,PASSED,PASSED,
ICICIGI,backend/ml/registry/ICICIGI_rf_202608180606.joblib,202608180606,v2.2,11,PASSED,PASSED,
ICICIPRULI,backend/ml/registry/ICICIPRULI_rf_202608180606.joblib,202608180606,v2.2,11,PASSED,PASSED,
IDBI,backend/ml/registry/IDBI_rf_202608180606.joblib,202608180606,v2.2,11,PASSED,PASSED,
IDFCFIRSTB,backend/ml/registry/IDFCFIRSTB_rf_202608180606.joblib,202608180606,v2.2,11,PASSED,PASSED,
IGL,backend/ml/registry/IGL_rf_202608180606.joblib,202608180606,v2.2,11,PASSED,PASSED,
INDHOTEL,backend/ml/registry/INDHOTEL_rf_202608180606.joblib,202608180606,v2.2,11,PASSED,PASSED,
INDIAMART,backend/ml/registry/INDIAMART_rf_202608180606.joblib,202608180606,v2.2,11,PASSED,PASSED,
INDIANB,backend/ml/registry/INDIANB_rf_202608180606.joblib,202608180606,v2.2,11,PASSED,PASSED,
INDIGO,backend/ml/registry/INDIGO_rf_202608180606.joblib,202608180606,v2.2,11,PASSED,PASSED,
INDUSINDBK,backend/ml/registry/INDUSINDBK_rf_202608180606.joblib,202608180606,v2.2,11,PASSED,PASSED,
INDUSTOWER,backend/ml/registry/INDUSTOWER_rf_202608180606.joblib,202608180606,v2.2,11,PASSED,PASSED,
INFY,backend/ml/registry/INFY_rf_202608180606.joblib,202608180606,v2.2,11,PASSED,PASSED,
IOC,backend/ml/registry/IOC_rf_202608180606.joblib,202608180606,v2.2,11,PASSED,PASSED,
IRB,backend/ml/registry/IRB_rf_202608180606.joblib,202608180606,v2.2,11,PASSED,PASSED,
IRCTC,backend/ml/registry/IRCTC_rf_202608180606.joblib,202608180606,v2.2,11,PASSED,PASSED,
IRFC,backend/ml/registry/IRFC_rf_202608180606.joblib,202608180606,v2.2,11,PASSED,PASSED,
ITC,backend/ml/registry/ITC_rf_202608180606.joblib,202608180606,v2.2,11,PASSED,PASSED,
JINDALSTEL,backend/ml/registry/JINDALSTEL_rf_202608180606.joblib,202608180606,v2.2,11,PASSED,PASSED,
JSWENERGY,backend/ml/registry/JSWENERGY_rf_202608180606.joblib,202608180606,v2.2,11,PASSED,PASSED,
JSWSTEEL,backend/ml/registry/JSWSTEEL_rf_202608180606.joblib,202608180606,v2.2,11,PASSED,PASSED,
JUBLFOOD,backend/ml/registry/JUBLFOOD_rf_202608180606.joblib,202608180606,v2.2,11,PASSED,PASSED,
KALYANKJIL,backend/ml/registry/KALYANKJIL_rf_202608180606.joblib,202608180606,v2.2,11,PASSED,PASSED,
KANSAINER,backend/ml/registry/KANSAINER_rf_202608180606.joblib,202608180606,v2.2,11,PASSED,PASSED,
KARURVYSYA,backend/ml/registry/KARURVYSYA_rf_202608180606.joblib,202608180606,v2.2,11,PASSED,PASSED,
KEI,backend/ml/registry/KEI_rf_202608180606.joblib,202608180606,v2.2,11,PASSED,PASSED,
KOTAKBANK,backend/ml/registry/KOTAKBANK_rf_202608180606.joblib,202608180606,v2.2,11,PASSED,PASSED,
KPITTECH,backend/ml/registry/KPITTECH_rf_202608180606.joblib,202608180606,v2.2,11,PASSED,PASSED,
L&TFH,backend/ml/registry/L&TFH_rf_202608180606.joblib,202608180606,v2.2,11,PASSED,PASSED,
LICHSGFIN,backend/ml/registry/LICHSGFIN_rf_202608180606.joblib,202608180606,v2.2,11,PASSED,PASSED,
LICI,backend/ml/registry/LICI_rf_202608180606.joblib,202608180606,v2.2,11,PASSED,PASSED,
LT,backend/ml/registry/LT_rf_202608180606.joblib,202608180606,v2.2,11,PASSED,PASSED,
LTIM,,,v2.2,0,FAILED,FAILED,NO_CHAMPION_IN_REGISTRY
LUPIN,backend/ml/registry/LUPIN_rf_202608180606.joblib,202608180606,v2.2,11,PASSED,PASSED,
M&M,backend/ml/registry/M&M_rf_202608180606.joblib,202608180606,v2.2,11,PASSED,PASSED,
M&MFIN,backend/ml/registry/M&MFIN_rf_202608180606.joblib,202608180606,v2.2,11,PASSED,PASSED,
MAHABANK,backend/ml/registry/MAHABANK_rf_202608180606.joblib,202608180606,v2.2,11,PASSED,PASSED,
MANAPPURAM,backend/ml/registry/MANAPPURAM_rf_202608180606.joblib,202608180606,v2.2,11,PASSED,PASSED,
MARICO,backend/ml/registry/MARICO_rf_202608180606.joblib,202608180606,v2.2,11,PASSED,PASSED,
MARUTI,backend/ml/registry/MARUTI_rf_202608180606.joblib,202608180606,v2.2,11,PASSED,PASSED,
MAXHEALTH,backend/ml/registry/MAXHEALTH_rf_202608180606.joblib,202608180606,v2.2,11,PASSED,PASSED,
MAZDOCK,backend/ml/registry/MAZDOCK_rf_202608180606.joblib,202608180606,v2.2,11,PASSED,PASSED,
MFSL,backend/ml/registry/MFSL_rf_202608180606.joblib,202608180606,v2.2,11,PASSED,PASSED,
MGL,backend/ml/registry/MGL_rf_202608180606.joblib,202608180606,v2.2,11,PASSED,PASSED,
MPHASIS,backend/ml/registry/MPHASIS_rf_202608180606.joblib,202608180606,v2.2,11,PASSED,PASSED,
MRF,backend/ml/registry/MRF_rf_202608180606.joblib,202608180606,v2.2,11,PASSED,PASSED,
MUTHOOTFIN,backend/ml/registry/MUTHOOTFIN_rf_202608180606.joblib,202608180606,v2.2,11,PASSED,PASSED,
NATIONALUM,backend/ml/registry/NATIONALUM_rf_202608180606.joblib,202608180606,v2.2,11,PASSED,PASSED,
NAVINFLUOR,backend/ml/registry/NAVINFLUOR_rf_202608180606.joblib,202608180606,v2.2,11,PASSED,PASSED,
NESTLEIND,backend/ml/registry/NESTLEIND_rf_202608180606.joblib,202608180606,v2.2,11,PASSED,PASSED,
NHPC,backend/ml/registry/NHPC_rf_202608180606.joblib,202608180606,v2.2,11,PASSED,PASSED,
NMDC,backend/ml/registry/NMDC_rf_202608180606.joblib,202608180606,v2.2,11,PASSED,PASSED,
NTPC,backend/ml/registry/NTPC_rf_202608180606.joblib,202608180606,v2.2,11,PASSED,PASSED,
NYKAA,backend/ml/registry/NYKAA_rf_202608180606.joblib,202608180606,v2.2,11,PASSED,PASSED,
OBEROIRLTY,backend/ml/registry/OBEROIRLTY_rf_202608180606.joblib,202608180606,v2.2,11,PASSED,PASSED,
OIL,backend/ml/registry/OIL_rf_202608180606.joblib,202608180606,v2.2,11,PASSED,PASSED,
ONGC,backend/ml/registry/ONGC_rf_202608180606.joblib,202608180606,v2.2,11,PASSED,PASSED,
PAGEIND,backend/ml/registry/PAGEIND_rf_202608180606.joblib,202608180606,v2.2,11,PASSED,PASSED,
PATANJALI,backend/ml/registry/PATANJALI_rf_202608180606.joblib,202608180606,v2.2,11,PASSED,PASSED,
PAYTM,backend/ml/registry/PAYTM_rf_202608180606.joblib,202608180606,v2.2,11,PASSED,PASSED,
PEL,,,v2.2,0,FAILED,FAILED,NO_CHAMPION_IN_REGISTRY
PERSISTENT,backend/ml/registry/PERSISTENT_rf_202608180606.joblib,202608180606,v2.2,11,PASSED,PASSED,
PETRONET,backend/ml/registry/PETRONET_rf_202608180606.joblib,202608180606,v2.2,11,PASSED,PASSED,
PFC,backend/ml/registry/PFC_rf_202608180606.joblib,202608180606,v2.2,11,PASSED,PASSED,
PHOENIXLTD,backend/ml/registry/PHOENIXLTD_rf_202608180606.joblib,202608180606,v2.2,11,PASSED,PASSED,
PIDILITIND,backend/ml/registry/PIDILITIND_rf_202608180606.joblib,202608180606,v2.2,11,PASSED,PASSED,
PIIND,backend/ml/registry/PIIND_rf_202608180606.joblib,202608180606,v2.2,11,PASSED,PASSED,
PNB,backend/ml/registry/PNB_rf_202608180606.joblib,202608180606,v2.2,11,PASSED,PASSED,
POLYCAB,backend/ml/registry/POLYCAB_rf_202608180606.joblib,202608180606,v2.2,11,PASSED,PASSED,
POONAWALLA,backend/ml/registry/POONAWALLA_rf_202608180606.joblib,202608180606,v2.2,11,PASSED,PASSED,
POWERGRID,backend/ml/registry/POWERGRID_rf_202608180606.joblib,202608180606,v2.2,11,PASSED,PASSED,
PRESTIGE,backend/ml/registry/PRESTIGE_rf_202608180606.joblib,202608180606,v2.2,11,PASSED,PASSED,
PVRINOX,backend/ml/registry/PVRINOX_rf_202608180606.joblib,202608180606,v2.2,11,PASSED,PASSED,
RADICO,backend/ml/registry/RADICO_rf_202608180606.joblib,202608180606,v2.2,11,PASSED,PASSED,
RECLTD,backend/ml/registry/RECLTD_rf_202608180606.joblib,202608180606,v2.2,11,PASSED,PASSED,
RELIANCE,backend/ml/registry/RELIANCE_rf_202608180606.joblib,202608180606,v2.2,11,PASSED,PASSED,
RVNL,backend/ml/registry/RVNL_rf_202608180606.joblib,202608180606,v2.2,11,PASSED,PASSED,
SAIL,backend/ml/registry/SAIL_rf_202608180606.joblib,202608180606,v2.2,11,PASSED,PASSED,
SBICARD,backend/ml/registry/SBICARD_rf_202608180606.joblib,202608180606,v2.2,11,PASSED,PASSED,
SBILIFE,backend/ml/registry/SBILIFE_rf_202608180606.joblib,202608180606,v2.2,11,PASSED,PASSED,
SBIN,backend/ml/registry/SBIN_rf_202608180606.joblib,202608180606,v2.2,11,PASSED,PASSED,
SHREECEM,backend/ml/registry/SHREECEM_rf_202608180606.joblib,202608180606,v2.2,11,PASSED,PASSED,
SHRIRAMFIN,backend/ml/registry/SHRIRAMFIN_rf_202608180606.joblib,202608180606,v2.2,11,PASSED,PASSED,
SIEMENS,backend/ml/registry/SIEMENS_rf_202608180607.joblib,202608180607,v2.2,11,PASSED,PASSED,
SJVN,backend/ml/registry/SJVN_rf_202608180607.joblib,202608180607,v2.2,11,PASSED,PASSED,
SKFINDIA,backend/ml/registry/SKFINDIA_rf_202608180607.joblib,202608180607,v2.2,11,PASSED,PASSED,
SONACOMS,backend/ml/registry/SONACOMS_rf_202608180607.joblib,202608180607,v2.2,11,PASSED,PASSED,
SRF,backend/ml/registry/SRF_rf_202608180607.joblib,202608180607,v2.2,11,PASSED,PASSED,
SUNPHARMA,backend/ml/registry/SUNPHARMA_rf_202608180607.joblib,202608180607,v2.2,11,PASSED,PASSED,
SUNTV,backend/ml/registry/SUNTV_rf_202608180607.joblib,202608180607,v2.2,11,PASSED,PASSED,
SUPREMEIND,backend/ml/registry/SUPREMEIND_rf_202608180607.joblib,202608180607,v2.2,11,PASSED,PASSED,
SUZLON,backend/ml/registry/SUZLON_rf_202608180607.joblib,202608180607,v2.2,11,PASSED,PASSED,
SYNGENE,backend/ml/registry/SYNGENE_rf_202608180607.joblib,202608180607,v2.2,11,PASSED,PASSED,
TATACOMM,backend/ml/registry/TATACOMM_rf_202608180607.joblib,202608180607,v2.2,11,PASSED,PASSED,
TATACONSUM,backend/ml/registry/TATACONSUM_rf_202608180607.joblib,202608180607,v2.2,11,PASSED,PASSED,
TATAELXSI,backend/ml/registry/TATAELXSI_rf_202608180607.joblib,202608180607,v2.2,11,PASSED,PASSED,
TATAMOTORS,,,v2.2,0,FAILED,FAILED,NO_CHAMPION_IN_REGISTRY
TATAPOWER,backend/ml/registry/TATAPOWER_rf_202608180607.joblib,202608180607,v2.2,11,PASSED,PASSED,
TATASTEEL,backend/ml/registry/TATASTEEL_rf_202608180607.joblib,202608180607,v2.2,11,PASSED,PASSED,
TCS,backend/ml/registry/TCS_rf_202608180607.joblib,202608180607,v2.2,11,PASSED,PASSED,
TECHM,backend/ml/registry/TECHM_rf_202608180607.joblib,202608180607,v2.2,11,PASSED,PASSED,
TIINDIA,backend/ml/registry/TIINDIA_rf_202608180607.joblib,202608180607,v2.2,11,PASSED,PASSED,
TITAN,backend/ml/registry/TITAN_rf_202608180607.joblib,202608180607,v2.2,11,PASSED,PASSED,
TORNTPHARM,backend/ml/registry/TORNTPHARM_rf_202608180607.joblib,202608180607,v2.2,11,PASSED,PASSED,
TORNTPOWER,backend/ml/registry/TORNTPOWER_rf_202608180607.joblib,202608180607,v2.2,11,PASSED,PASSED,
TRENT,backend/ml/registry/TRENT_rf_202608180607.joblib,202608180607,v2.2,11,PASSED,PASSED,
TRIDENT,backend/ml/registry/TRIDENT_rf_202608180607.joblib,202608180607,v2.2,11,PASSED,PASSED,
UBL,backend/ml/registry/UBL_rf_202608180607.joblib,202608180607,v2.2,11,PASSED,PASSED,
UCOBANK,backend/ml/registry/UCOBANK_rf_202608180607.joblib,202608180607,v2.2,11,PASSED,PASSED,
ULTRACEMCO,backend/ml/registry/ULTRACEMCO_rf_202608180607.joblib,202608180607,v2.2,11,PASSED,PASSED,
UNIONBANK,backend/ml/registry/UNIONBANK_rf_202608180607.joblib,202608180607,v2.2,11,PASSED,PASSED,
UNITDSPR,backend/ml/registry/UNITDSPR_rf_202608180607.joblib,202608180607,v2.2,11,PASSED,PASSED,
VBL,backend/ml/registry/VBL_rf_202608180607.joblib,202608180607,v2.2,11,PASSED,PASSED,
VEDL,backend/ml/registry/VEDL_rf_202608180607.joblib,202608180607,v2.2,11,PASSED,PASSED,
VOLTAS,backend/ml/registry/VOLTAS_rf_202608180607.joblib,202608180607,v2.2,11,PASSED,PASSED,
WHIRLPOOL,backend/ml/registry/WHIRLPOOL_rf_202608180607.joblib,202608180607,v2.2,11,PASSED,PASSED,
WIPRO,backend/ml/registry/WIPRO_rf_202608180607.joblib,202608180607,v2.2,11,PASSED,PASSED,
YESBANK,backend/ml/registry/YESBANK_rf_202608180607.joblib,202608180607,v2.2,11,PASSED,PASSED,
ZOMATO,backend/ml/registry/ZOMATO_rf_202608180607.joblib,202608180607,v2.2,11,PASSED,PASSED,
ZYDUSLIFE,backend/ml/registry/ZYDUSLIFE_rf_202608180607.joblib,202608180607,v2.2,11,PASSED,PASSED,
