symbol,equity_status,reason,price
ABB,SUPPORTED,OK,7500.5
ACC,SUPPORTED,OK,1309.300048828125
ADANIENSOL,SUPPORTED,OK,1572.0
ADANIENT,SUPPORTED,OK,3137.10009765625
ADANIGREEN,SUPPORTED,OK,1309.699951171875
ADANIPORTS,SUPPORTED,OK,1701.0
ADANIPOWER,SUPPORTED,OK,211.4600067138672
AMBUJACEM,SUPPORTED,OK,411.29998779296875
APOLLOHOSP,SUPPORTED,OK,8868.0
APOLLOTYRE,SUPPORTED,OK,449.3999938964844
ASHOKLEY,SUPPORTED,OK,175.75
ASIANPAINT,SUPPORTED,OK,2594.300048828125
ASTRAL,SUPPORTED,OK,1537.0
ATGL,SUPPORTED,OK,639.0
AUROPHARMA,SUPPORTED,OK,1627.0
AXISBANK,SUPPORTED,OK,1261.5
BAJAJ-AUTO,SUPPORTED,OK,11952.0
BAJAJFINSV,SUPPORTED,OK,1987.0
BAJAJHLDNG,SUPPORTED,OK,11349.0
BAJFINANCE,SUPPORTED,OK,1073.5
BALKRISIND,SUPPORTED,OK,2353.60009765625
BANDHANBNK,SUPPORTED,OK,168.75
BANKBARODA,SUPPORTED,OK,239.86000061035156
BANKINDIA,SUPPORTED,OK,143.3000030517578
BATAINDIA,SUPPORTED,OK,680.0
BEL,SUPPORTED,OK,409.1000061035156
BERGEPAINT,SUPPORTED,OK,495.6499938964844
BHARATFORG,SUPPORTED,OK,2025.0
BHARTIARTL,SUPPORTED,OK,1869.5
BHEL,SUPPORTED,OK,429.3500061035156
BIOCON,SUPPORTED,OK,410.6499938964844
BLUEDART,SUPPORTED,OK,4990.0
BOSCHLTD,SUPPORTED,OK,48650.0
BPCL,SUPPORTED,OK,317.0
BRITANNIA,SUPPORTED,OK,5288.5
CANBK,SUPPORTED,OK,127.3499984741211
CANFINHOME,SUPPORTED,OK,813.5999755859375
CGPOWER,SUPPORTED,OK,887.7000122070312
CHAMBLFERT,SUPPORTED,OK,421.79998779296875
CHOLAFIN,SUPPORTED,OK,1854.199951171875
CIPLA,SUPPORTED,OK,1411.5999755859375
COALINDIA,SUPPORTED,OK,402.1000061035156
COFORGE,SUPPORTED,OK,1972.0
COLPAL,SUPPORTED,OK,1831.300048828125
CONCOR,SUPPORTED,OK,514.8499755859375
COROMANDEL,SUPPORTED,OK,1912.0
CROMPTON,SUPPORTED,OK,231.6999969482422
CUMMINSIND,SUPPORTED,OK,5135.0
DABUR,SUPPORTED,OK,385.0
DALBHARAT,SUPPORTED,OK,1840.300048828125
DEEPAKNTR,SUPPORTED,OK,1766.199951171875
DELHIVERY,SUPPORTED,OK,463.8500061035156
DIVISLAB,SUPPORTED,OK,9216.0
DIXON,SUPPORTED,OK,14796.0
DLF,SUPPORTED,OK,673.9500122070312
DRREDDY,SUPPORTED,OK,1179.300048828125
EICHERMOT,SUPPORTED,OK,8042.0
ESCORTS,SUPPORTED,OK,3020.300048828125
EXIDEIND,SUPPORTED,OK,445.04998779296875
FEDERALBNK,SUPPORTED,OK,344.0
FORTIS,SUPPORTED,OK,931.0999755859375
GAIL,SUPPORTED,OK,170.63999938964844
GLENMARK,SUPPORTED,OK,2454.39990234375
GMRINFRA,SUPPORTED,OK,98.51000213623047
GODREJCP,SUPPORTED,OK,916.2999877929688
GODREJPROP,SUPPORTED,OK,2029.9000244140625
GRASIM,SUPPORTED,OK,3238.300048828125
GUJGASLTD,DATA_UNAVAILABLE,Provider returned no price,
HAL,SUPPORTED,OK,4854.0
HAVELLS,SUPPORTED,OK,1230.699951171875
HCLTECH,SUPPORTED,OK,1317.5
HDFCBANK,SUPPORTED,OK,713.7999877929688
HDFCLIFE,SUPPORTED,OK,547.75
HEROMOTOCO,SUPPORTED,OK,5612.0
HINDALCO,SUPPORTED,OK,1027.5999755859375
HINDCOPPER,SUPPORTED,OK,532.5
HINDPETRO,SUPPORTED,OK,365.20001220703125
HINDUNILVR,SUPPORTED,OK,2003.0999755859375
HINDZINC,SUPPORTED,OK,610.5499877929688
HUDCO,SUPPORTED,OK,183.5500030517578
ICICIBANK,SUPPORTED,OK,1425.0
ICICIGI,SUPPORTED,OK,1550.800048828125
ICICIPRULI,SUPPORTED,OK,505.20001220703125
IDBI,SUPPORTED,OK,92.86000061035156
IDFCFIRSTB,SUPPORTED,OK,83.08000183105469
IGL,SUPPORTED,OK,147.99000549316406
INDHOTEL,SUPPORTED,OK,705.0
INDIAMART,SUPPORTED,OK,1760.9000244140625
INDIANB,SUPPORTED,OK,877.5
INDIGO,SUPPORTED,OK,5145.0
INDUSINDBK,SUPPORTED,OK,991.5
INDUSTOWER,SUPPORTED,OK,381.29998779296875
INFY,SUPPORTED,OK,1137.800048828125
IOC,SUPPORTED,OK,136.5800018310547
IRB,SUPPORTED,OK,19.200000762939453
IRCTC,SUPPORTED,OK,485.29998779296875
IRFC,SUPPORTED,OK,84.27999877929688
ITC,SUPPORTED,OK,266.3500061035156
JINDALSTEL,SUPPORTED,OK,1172.800048828125
JSWENERGY,SUPPORTED,OK,538.8499755859375
JSWSTEEL,SUPPORTED,OK,1325.300048828125
JUBLFOOD,SUPPORTED,OK,495.6000061035156
KALYANKJIL,SUPPORTED,OK,617.5
KANSAINER,SUPPORTED,OK,196.50999450683594
KARURVYSYA,SUPPORTED,OK,347.45001220703125
KEI,SUPPORTED,OK,5532.0
KOTAKBANK,SUPPORTED,OK,424.1000061035156
KPITTECH,SUPPORTED,OK,600.8499755859375
L&TFH,SUPPORTED,OK,314.8999938964844
LICHSGFIN,SUPPORTED,OK,533.0999755859375
LICI,SUPPORTED,OK,411.6499938964844
LT,SUPPORTED,OK,4033.0
LTIM,DATA_UNAVAILABLE,Provider returned no price,
LUPIN,SUPPORTED,OK,2167.300048828125
M&M,SUPPORTED,OK,3313.10009765625
M&MFIN,SUPPORTED,OK,376.54998779296875
MAHABANK,SUPPORTED,OK,83.30000305175781
MANAPPURAM,SUPPORTED,OK,347.54998779296875
MARICO,SUPPORTED,OK,828.6500244140625
MARUTI,SUPPORTED,OK,13395.0
MAXHEALTH,SUPPORTED,OK,1009.2999877929688
MAZDOCK,SUPPORTED,OK,2557.0
MFSL,SUPPORTED,OK,1579.5999755859375
MGL,SUPPORTED,OK,1099.0
MPHASIS,SUPPORTED,OK,2440.0
MRF,SUPPORTED,OK,132890.0
MUTHOOTFIN,SUPPORTED,OK,3098.89990234375
NATIONALUM,SUPPORTED,OK,390.75
NAVINFLUOR,SUPPORTED,OK,8536.0
NESTLEIND,SUPPORTED,OK,1442.699951171875
NHPC,SUPPORTED,OK,74.93000030517578
NMDC,SUPPORTED,OK,86.44000244140625
NTPC,SUPPORTED,OK,330.5
NYKAA,SUPPORTED,OK,335.79998779296875
OBEROIRLTY,SUPPORTED,OK,1867.0
OIL,SUPPORTED,OK,480.6000061035156
ONGC,SUPPORTED,OK,231.66000366210938
PAGEIND,SUPPORTED,OK,35545.0
PATANJALI,SUPPORTED,OK,346.1000061035156
PAYTM,SUPPORTED,OK,1670.199951171875
PEL,SUPPORTED,OK,2278.5
PERSISTENT,SUPPORTED,OK,5824.0
PETRONET,SUPPORTED,OK,292.1499938964844
PFC,SUPPORTED,OK,350.8999938964844
PHOENIXLTD,SUPPORTED,OK,1906.5999755859375
PIDILITIND,SUPPORTED,OK,1627.199951171875
PIIND,SUPPORTED,OK,2457.199951171875
PNB,SUPPORTED,OK,114.7699966430664
POLYCAB,SUPPORTED,OK,9080.0
POONAWALLA,SUPPORTED,OK,478.3999938964844
POWERGRID,SUPPORTED,OK,265.95001220703125
PRESTIGE,SUPPORTED,OK,1588.300048828125
PVRINOX,SUPPORTED,OK,1219.800048828125
RADICO,SUPPORTED,OK,4597.2998046875
RECLTD,SUPPORTED,OK,318.29998779296875
RELIANCE,SUPPORTED,OK,1281.800048828125
RVNL,SUPPORTED,OK,215.19000244140625
SAIL,SUPPORTED,OK,196.10000610351562
SBICARD,SUPPORTED,OK,640.0
SBILIFE,SUPPORTED,OK,1756.699951171875
SBIN,SUPPORTED,OK,1045.800048828125
SHREECEM,SUPPORTED,OK,24050.0
SHRIRAMFIN,SUPPORTED,OK,1086.699951171875
SIEMENS,SUPPORTED,OK,4083.0
SJVN,SUPPORTED,OK,64.97000122070312
SKFINDIA,SUPPORTED,OK,1573.199951171875
SONACOMS,SUPPORTED,OK,805.9000244140625
SRF,SUPPORTED,OK,2583.60009765625
SUNPHARMA,SUPPORTED,OK,1914.0999755859375
SUNTV,SUPPORTED,OK,473.5
SUPREMEIND,SUPPORTED,OK,3635.199951171875
SUZLON,SUPPORTED,OK,46.849998474121094
SYNGENE,SUPPORTED,OK,407.29998779296875
TATACOMM,SUPPORTED,OK,1683.4000244140625
TATACONSUM,SUPPORTED,OK,1031.0999755859375
TATAELXSI,SUPPORTED,OK,3662.89990234375
TATAMOTORS,SUPPORTED,OK,464.54998779296875
TATAPOWER,SUPPORTED,OK,351.25
TATASTEEL,SUPPORTED,OK,184.6199951171875
TCS,SUPPORTED,OK,2334.5
TECHM,SUPPORTED,OK,1624.5
TIINDIA,SUPPORTED,OK,2838.60009765625
TITAN,SUPPORTED,OK,5148.2998046875
TORNTPHARM,SUPPORTED,OK,5011.0
TORNTPOWER,SUPPORTED,OK,1215.0
TRENT,SUPPORTED,OK,2902.800048828125
TRIDENT,SUPPORTED,OK,24.350000381469727
UBL,SUPPORTED,OK,1335.5
UCOBANK,SUPPORTED,OK,25.59000015258789
ULTRACEMCO,SUPPORTED,OK,11575.0
UNIONBANK,SUPPORTED,OK,184.72999572753906
UNITDSPR,SUPPORTED,OK,1512.199951171875
VBL,SUPPORTED,OK,416.70001220703125
VEDL,SUPPORTED,OK,285.29998779296875
VOLTAS,SUPPORTED,OK,1199.300048828125
WHIRLPOOL,SUPPORTED,OK,810.5499877929688
WIPRO,SUPPORTED,OK,180.14999389648438
YESBANK,SUPPORTED,OK,22.1299991607666
ZOMATO,SUPPORTED,OK,326.70001220703125
ZYDUSLIFE,SUPPORTED,OK,1179.0
