signal_id,recon_status,error
recon_ASIANPAINT_20260410_0,ERROR,'probability'
recon_ASIANPAINT_20260416_1,ERROR,'probability'
recon_ASIANPAINT_20260508_2,ERROR,'probability'
recon_ASTRAL_20260629_0,ERROR,'probability'
recon_ASTRAL_20260709_1,ERROR,'probability'
recon_ASTRAL_20260813_2,ERROR,'probability'
recon_AXISBANK_20260624_0,ERROR,'probability'
recon_AXISBANK_20260709_1,ERROR,'probability'
recon_AXISBANK_20260720_2,ERROR,'probability'
recon_BAJAJ-AUTO_20260720_0,ERROR,'probability'
21a52a86-d543-49a2-8cfe-f056417305cd,ERROR,'probability'
28b6c1c6-ae07-4eac-92ac-02d326b0441d,ERROR,'probability'
61ac1904-ba26-47e4-977e-8145b663478b,ERROR,'probability'
6675d119-839d-4666-bef0-4365b5c3a226,ERROR,'probability'
8634b13e-32b5-4150-83a6-920c17ca6685,ERROR,'probability'
866f671b-a9d4-407c-917f-824db23ffc1c,ERROR,'probability'
cloud_hist_ABB_20260311_0,ERROR,'probability'
cloud_hist_ABB_20260408_1,ERROR,'probability'
cloud_hist_ABB_20260417_2,ERROR,'probability'
cloud_hist_ABB_20260511_3,ERROR,'probability'
