window_id,symbol,training_start,training_end,training_sample_count,validation_sample_count,model_version
W1,ABB,2020-01-01T00:00:00,2021-06-01T00:00:00,263,88,WF_W1_20260821
W2,ABB,2020-01-01T00:00:00,2022-06-01T00:00:00,450,150,WF_W2_20260821
W3,ABB,2020-01-01T00:00:00,2023-06-01T00:00:00,635,212,WF_W3_20260821
W4,ABB,2020-01-01T00:00:00,2024-06-01T00:00:00,819,273,WF_W4_20260821
W5,ABB,2020-01-01T00:00:00,2025-06-01T00:00:00,1004,335,WF_W5_20260821
W1,ACC,2020-01-01T00:00:00,2021-06-01T00:00:00,263,88,WF_W1_20260821
W2,ACC,2020-01-01T00:00:00,2022-06-01T00:00:00,450,150,WF_W2_20260821
W3,ACC,2020-01-01T00:00:00,2023-06-01T00:00:00,635,212,WF_W3_20260821
W4,ACC,2020-01-01T00:00:00,2024-06-01T00:00:00,819,273,WF_W4_20260821
W5,ACC,2020-01-01T00:00:00,2025-06-01T00:00:00,1004,335,WF_W5_20260821
W1,ADANIENSOL,2020-01-01T00:00:00,2021-06-01T00:00:00,263,88,WF_W1_20260821
W2,ADANIENSOL,2020-01-01T00:00:00,2022-06-01T00:00:00,450,150,WF_W2_20260821
W3,ADANIENSOL,2020-01-01T00:00:00,2023-06-01T00:00:00,635,212,WF_W3_20260821
W4,ADANIENSOL,2020-01-01T00:00:00,2024-06-01T00:00:00,819,273,WF_W4_20260821
W5,ADANIENSOL,2020-01-01T00:00:00,2025-06-01T00:00:00,1004,335,WF_W5_20260821
W1,ADANIENT,2017-06-01T00:00:00,2021-06-01T00:00:00,740,247,WF_W1_20260821
W2,ADANIENT,2017-06-01T00:00:00,2022-06-01T00:00:00,927,310,WF_W2_20260821
W3,ADANIENT,2017-06-01T00:00:00,2023-06-01T00:00:00,1113,372,WF_W3_20260821
W4,ADANIENT,2017-06-01T00:00:00,2024-06-01T00:00:00,1297,433,WF_W4_20260821
W5,ADANIENT,2017-06-01T00:00:00,2025-06-01T00:00:00,1482,495,WF_W5_20260821
W1,ADANIGREEN,2020-01-01T00:00:00,2021-06-01T00:00:00,263,88,WF_W1_20260821
W2,ADANIGREEN,2020-01-01T00:00:00,2022-06-01T00:00:00,450,150,WF_W2_20260821
W3,ADANIGREEN,2020-01-01T00:00:00,2023-06-01T00:00:00,635,212,WF_W3_20260821
W4,ADANIGREEN,2020-01-01T00:00:00,2024-06-01T00:00:00,819,273,WF_W4_20260821
W5,ADANIGREEN,2020-01-01T00:00:00,2025-06-01T00:00:00,1004,335,WF_W5_20260821
W1,ADANIPORTS,2020-01-01T00:00:00,2021-06-01T00:00:00,263,88,WF_W1_20260821
W2,ADANIPORTS,2020-01-01T00:00:00,2022-06-01T00:00:00,450,150,WF_W2_20260821
W3,ADANIPORTS,2020-01-01T00:00:00,2023-06-01T00:00:00,635,212,WF_W3_20260821
W4,ADANIPORTS,2020-01-01T00:00:00,2024-06-01T00:00:00,819,273,WF_W4_20260821
W5,ADANIPORTS,2020-01-01T00:00:00,2025-06-01T00:00:00,1004,335,WF_W5_20260821
W1,ADANIPOWER,2020-01-01T00:00:00,2021-06-01T00:00:00,263,88,WF_W1_20260821
W2,ADANIPOWER,2020-01-01T00:00:00,2022-06-01T00:00:00,450,150,WF_W2_20260821
W3,ADANIPOWER,2020-01-01T00:00:00,2023-06-01T00:00:00,635,212,WF_W3_20260821
W4,ADANIPOWER,2020-01-01T00:00:00,2024-06-01T00:00:00,819,273,WF_W4_20260821
W5,ADANIPOWER,2020-01-01T00:00:00,2025-06-01T00:00:00,1004,335,WF_W5_20260821
W1,AMBUJACEM,2020-01-01T00:00:00,2021-06-01T00:00:00,263,88,WF_W1_20260821
W2,AMBUJACEM,2020-01-01T00:00:00,2022-06-01T00:00:00,450,150,WF_W2_20260821
W3,AMBUJACEM,2020-01-01T00:00:00,2023-06-01T00:00:00,635,212,WF_W3_20260821
W4,AMBUJACEM,2020-01-01T00:00:00,2024-06-01T00:00:00,819,273,WF_W4_20260821
W5,AMBUJACEM,2020-01-01T00:00:00,2025-06-01T00:00:00,1004,335,WF_W5_20260821
W1,APOLLOHOSP,2020-01-01T00:00:00,2021-06-01T00:00:00,263,88,WF_W1_20260821
W2,APOLLOHOSP,2020-01-01T00:00:00,2022-06-01T00:00:00,450,150,WF_W2_20260821
W3,APOLLOHOSP,2020-01-01T00:00:00,2023-06-01T00:00:00,635,212,WF_W3_20260821
W4,APOLLOHOSP,2020-01-01T00:00:00,2024-06-01T00:00:00,819,273,WF_W4_20260821
W5,APOLLOHOSP,2020-01-01T00:00:00,2025-06-01T00:00:00,1004,335,WF_W5_20260821
W1,APOLLOTYRE,2020-01-01T00:00:00,2021-06-01T00:00:00,263,88,WF_W1_20260821
W2,APOLLOTYRE,2020-01-01T00:00:00,2022-06-01T00:00:00,450,150,WF_W2_20260821
W3,APOLLOTYRE,2020-01-01T00:00:00,2023-06-01T00:00:00,635,212,WF_W3_20260821
W4,APOLLOTYRE,2020-01-01T00:00:00,2024-06-01T00:00:00,819,273,WF_W4_20260821
W5,APOLLOTYRE,2020-01-01T00:00:00,2025-06-01T00:00:00,1004,335,WF_W5_20260821
W1,ASHOKLEY,2020-01-01T00:00:00,2021-06-01T00:00:00,263,88,WF_W1_20260821
W2,ASHOKLEY,2020-01-01T00:00:00,2022-06-01T00:00:00,450,150,WF_W2_20260821
W3,ASHOKLEY,2020-01-01T00:00:00,2023-06-01T00:00:00,635,212,WF_W3_20260821
W4,ASHOKLEY,2020-01-01T00:00:00,2024-06-01T00:00:00,819,273,WF_W4_20260821
W5,ASHOKLEY,2020-01-01T00:00:00,2025-06-01T00:00:00,1004,335,WF_W5_20260821
W1,ASIANPAINT,2017-06-01T00:00:00,2021-06-01T00:00:00,740,247,WF_W1_20260821
W2,ASIANPAINT,2017-06-01T00:00:00,2022-06-01T00:00:00,927,310,WF_W2_20260821
W3,ASIANPAINT,2017-06-01T00:00:00,2023-06-01T00:00:00,1113,372,WF_W3_20260821
W4,ASIANPAINT,2017-06-01T00:00:00,2024-06-01T00:00:00,1297,433,WF_W4_20260821
W5,ASIANPAINT,2017-06-01T00:00:00,2025-06-01T00:00:00,1482,495,WF_W5_20260821
W1,ASTRAL,2020-01-01T00:00:00,2021-06-01T00:00:00,263,88,WF_W1_20260821
W2,ASTRAL,2020-01-01T00:00:00,2022-06-01T00:00:00,450,150,WF_W2_20260821
W3,ASTRAL,2020-01-01T00:00:00,2023-06-01T00:00:00,635,212,WF_W3_20260821
W4,ASTRAL,2020-01-01T00:00:00,2024-06-01T00:00:00,819,273,WF_W4_20260821
W5,ASTRAL,2020-01-01T00:00:00,2025-06-01T00:00:00,1004,335,WF_W5_20260821
W1,ATGL,2020-01-01T00:00:00,2021-06-01T00:00:00,263,88,WF_W1_20260821
W2,ATGL,2020-01-01T00:00:00,2022-06-01T00:00:00,450,150,WF_W2_20260821
W3,ATGL,2020-01-01T00:00:00,2023-06-01T00:00:00,635,212,WF_W3_20260821
W4,ATGL,2020-01-01T00:00:00,2024-06-01T00:00:00,819,273,WF_W4_20260821
W5,ATGL,2020-01-01T00:00:00,2025-06-01T00:00:00,1004,335,WF_W5_20260821
W1,AUROPHARMA,2020-01-01T00:00:00,2021-06-01T00:00:00,263,88,WF_W1_20260821
W2,AUROPHARMA,2020-01-01T00:00:00,2022-06-01T00:00:00,450,150,WF_W2_20260821
W3,AUROPHARMA,2020-01-01T00:00:00,2023-06-01T00:00:00,635,212,WF_W3_20260821
W4,AUROPHARMA,2020-01-01T00:00:00,2024-06-01T00:00:00,819,273,WF_W4_20260821
W5,AUROPHARMA,2020-01-01T00:00:00,2025-06-01T00:00:00,1004,335,WF_W5_20260821
W1,AXISBANK,2017-06-01T00:00:00,2021-06-01T00:00:00,740,247,WF_W1_20260821
W2,AXISBANK,2017-06-01T00:00:00,2022-06-01T00:00:00,927,310,WF_W2_20260821
W3,AXISBANK,2017-06-01T00:00:00,2023-06-01T00:00:00,1113,372,WF_W3_20260821
W4,AXISBANK,2017-06-01T00:00:00,2024-06-01T00:00:00,1297,433,WF_W4_20260821
W5,AXISBANK,2017-06-01T00:00:00,2025-06-01T00:00:00,1482,495,WF_W5_20260821
W1,BAJAJ-AUTO,2020-01-01T00:00:00,2021-06-01T00:00:00,263,88,WF_W1_20260821
W2,BAJAJ-AUTO,2020-01-01T00:00:00,2022-06-01T00:00:00,450,150,WF_W2_20260821
W3,BAJAJ-AUTO,2020-01-01T00:00:00,2023-06-01T00:00:00,635,212,WF_W3_20260821
W4,BAJAJ-AUTO,2020-01-01T00:00:00,2024-06-01T00:00:00,819,273,WF_W4_20260821
W5,BAJAJ-AUTO,2020-01-01T00:00:00,2025-06-01T00:00:00,1004,335,WF_W5_20260821
W1,BAJAJFINSV,2020-01-01T00:00:00,2021-06-01T00:00:00,263,88,WF_W1_20260821
W2,BAJAJFINSV,2020-01-01T00:00:00,2022-06-01T00:00:00,450,150,WF_W2_20260821
W3,BAJAJFINSV,2020-01-01T00:00:00,2023-06-01T00:00:00,635,212,WF_W3_20260821
W4,BAJAJFINSV,2020-01-01T00:00:00,2024-06-01T00:00:00,819,273,WF_W4_20260821
W5,BAJAJFINSV,2020-01-01T00:00:00,2025-06-01T00:00:00,1004,335,WF_W5_20260821
W1,BAJAJHLDNG,2020-01-01T00:00:00,2021-06-01T00:00:00,263,88,WF_W1_20260821
W2,BAJAJHLDNG,2020-01-01T00:00:00,2022-06-01T00:00:00,450,150,WF_W2_20260821
W3,BAJAJHLDNG,2020-01-01T00:00:00,2023-06-01T00:00:00,635,212,WF_W3_20260821
W4,BAJAJHLDNG,2020-01-01T00:00:00,2024-06-01T00:00:00,819,273,WF_W4_20260821
W5,BAJAJHLDNG,2020-01-01T00:00:00,2025-06-01T00:00:00,1004,335,WF_W5_20260821
W1,BAJFINANCE,2017-06-01T00:00:00,2021-06-01T00:00:00,740,247,WF_W1_20260821
W2,BAJFINANCE,2017-06-01T00:00:00,2022-06-01T00:00:00,927,310,WF_W2_20260821
W3,BAJFINANCE,2017-06-01T00:00:00,2023-06-01T00:00:00,1113,372,WF_W3_20260821
W4,BAJFINANCE,2017-06-01T00:00:00,2024-06-01T00:00:00,1297,433,WF_W4_20260821
W5,BAJFINANCE,2017-06-01T00:00:00,2025-06-01T00:00:00,1482,495,WF_W5_20260821
W1,BALKRISIND,2020-01-01T00:00:00,2021-06-01T00:00:00,263,88,WF_W1_20260821
W2,BALKRISIND,2020-01-01T00:00:00,2022-06-01T00:00:00,450,150,WF_W2_20260821
W3,BALKRISIND,2020-01-01T00:00:00,2023-06-01T00:00:00,635,212,WF_W3_20260821
W4,BALKRISIND,2020-01-01T00:00:00,2024-06-01T00:00:00,819,273,WF_W4_20260821
W5,BALKRISIND,2020-01-01T00:00:00,2025-06-01T00:00:00,1004,335,WF_W5_20260821
W1,BANDHANBNK,2020-01-01T00:00:00,2021-06-01T00:00:00,263,88,WF_W1_20260821
W2,BANDHANBNK,2020-01-01T00:00:00,2022-06-01T00:00:00,450,150,WF_W2_20260821
W3,BANDHANBNK,2020-01-01T00:00:00,2023-06-01T00:00:00,635,212,WF_W3_20260821
W4,BANDHANBNK,2020-01-01T00:00:00,2024-06-01T00:00:00,819,273,WF_W4_20260821
W5,BANDHANBNK,2020-01-01T00:00:00,2025-06-01T00:00:00,1004,335,WF_W5_20260821
W1,BANKBARODA,2020-01-01T00:00:00,2021-06-01T00:00:00,263,88,WF_W1_20260821
W2,BANKBARODA,2020-01-01T00:00:00,2022-06-01T00:00:00,450,150,WF_W2_20260821
W3,BANKBARODA,2020-01-01T00:00:00,2023-06-01T00:00:00,635,212,WF_W3_20260821
W4,BANKBARODA,2020-01-01T00:00:00,2024-06-01T00:00:00,819,273,WF_W4_20260821
W5,BANKBARODA,2020-01-01T00:00:00,2025-06-01T00:00:00,1004,335,WF_W5_20260821
W1,BANKINDIA,2020-01-01T00:00:00,2021-06-01T00:00:00,263,88,WF_W1_20260821
W2,BANKINDIA,2020-01-01T00:00:00,2022-06-01T00:00:00,450,150,WF_W2_20260821
W3,BANKINDIA,2020-01-01T00:00:00,2023-06-01T00:00:00,635,212,WF_W3_20260821
W4,BANKINDIA,2020-01-01T00:00:00,2024-06-01T00:00:00,819,273,WF_W4_20260821
W5,BANKINDIA,2020-01-01T00:00:00,2025-06-01T00:00:00,1004,335,WF_W5_20260821
W1,BATAINDIA,2020-01-01T00:00:00,2021-06-01T00:00:00,263,88,WF_W1_20260821
W2,BATAINDIA,2020-01-01T00:00:00,2022-06-01T00:00:00,450,150,WF_W2_20260821
W3,BATAINDIA,2020-01-01T00:00:00,2023-06-01T00:00:00,635,212,WF_W3_20260821
W4,BATAINDIA,2020-01-01T00:00:00,2024-06-01T00:00:00,819,273,WF_W4_20260821
W5,BATAINDIA,2020-01-01T00:00:00,2025-06-01T00:00:00,1004,335,WF_W5_20260821
W1,BEL,2020-01-01T00:00:00,2021-06-01T00:00:00,263,88,WF_W1_20260821
W2,BEL,2020-01-01T00:00:00,2022-06-01T00:00:00,450,150,WF_W2_20260821
W3,BEL,2020-01-01T00:00:00,2023-06-01T00:00:00,635,212,WF_W3_20260821
W4,BEL,2020-01-01T00:00:00,2024-06-01T00:00:00,819,273,WF_W4_20260821
W5,BEL,2020-01-01T00:00:00,2025-06-01T00:00:00,1004,335,WF_W5_20260821
W1,BERGEPAINT,2020-01-01T00:00:00,2021-06-01T00:00:00,263,88,WF_W1_20260821
W2,BERGEPAINT,2020-01-01T00:00:00,2022-06-01T00:00:00,450,150,WF_W2_20260821
W3,BERGEPAINT,2020-01-01T00:00:00,2023-06-01T00:00:00,635,212,WF_W3_20260821
W4,BERGEPAINT,2020-01-01T00:00:00,2024-06-01T00:00:00,819,273,WF_W4_20260821
W5,BERGEPAINT,2020-01-01T00:00:00,2025-06-01T00:00:00,1004,335,WF_W5_20260821
W1,BHARATFORG,2020-01-01T00:00:00,2021-06-01T00:00:00,263,88,WF_W1_20260821
W2,BHARATFORG,2020-01-01T00:00:00,2022-06-01T00:00:00,450,150,WF_W2_20260821
W3,BHARATFORG,2020-01-01T00:00:00,2023-06-01T00:00:00,635,212,WF_W3_20260821
W4,BHARATFORG,2020-01-01T00:00:00,2024-06-01T00:00:00,819,273,WF_W4_20260821
W5,BHARATFORG,2020-01-01T00:00:00,2025-06-01T00:00:00,1004,335,WF_W5_20260821
W1,BHARTIARTL,2017-06-01T00:00:00,2021-06-01T00:00:00,740,247,WF_W1_20260821
W2,BHARTIARTL,2017-06-01T00:00:00,2022-06-01T00:00:00,927,310,WF_W2_20260821
W3,BHARTIARTL,2017-06-01T00:00:00,2023-06-01T00:00:00,1113,372,WF_W3_20260821
W4,BHARTIARTL,2017-06-01T00:00:00,2024-06-01T00:00:00,1297,433,WF_W4_20260821
W5,BHARTIARTL,2017-06-01T00:00:00,2025-06-01T00:00:00,1482,495,WF_W5_20260821
W1,BHEL,2020-01-01T00:00:00,2021-06-01T00:00:00,263,88,WF_W1_20260821
W2,BHEL,2020-01-01T00:00:00,2022-06-01T00:00:00,450,150,WF_W2_20260821
W3,BHEL,2020-01-01T00:00:00,2023-06-01T00:00:00,635,212,WF_W3_20260821
W4,BHEL,2020-01-01T00:00:00,2024-06-01T00:00:00,819,273,WF_W4_20260821
W5,BHEL,2020-01-01T00:00:00,2025-06-01T00:00:00,1004,335,WF_W5_20260821
W1,BIOCON,2020-01-01T00:00:00,2021-06-01T00:00:00,263,88,WF_W1_20260821
W2,BIOCON,2020-01-01T00:00:00,2022-06-01T00:00:00,450,150,WF_W2_20260821
W3,BIOCON,2020-01-01T00:00:00,2023-06-01T00:00:00,635,212,WF_W3_20260821
W4,BIOCON,2020-01-01T00:00:00,2024-06-01T00:00:00,819,273,WF_W4_20260821
W5,BIOCON,2020-01-01T00:00:00,2025-06-01T00:00:00,1004,335,WF_W5_20260821
W1,BLUEDART,2020-01-01T00:00:00,2021-06-01T00:00:00,263,88,WF_W1_20260821
W2,BLUEDART,2020-01-01T00:00:00,2022-06-01T00:00:00,450,150,WF_W2_20260821
W3,BLUEDART,2020-01-01T00:00:00,2023-06-01T00:00:00,635,212,WF_W3_20260821
W4,BLUEDART,2020-01-01T00:00:00,2024-06-01T00:00:00,819,273,WF_W4_20260821
W5,BLUEDART,2020-01-01T00:00:00,2025-06-01T00:00:00,1004,335,WF_W5_20260821
W1,BOSCHLTD,2020-01-01T00:00:00,2021-06-01T00:00:00,263,88,WF_W1_20260821
W2,BOSCHLTD,2020-01-01T00:00:00,2022-06-01T00:00:00,450,150,WF_W2_20260821
W3,BOSCHLTD,2020-01-01T00:00:00,2023-06-01T00:00:00,635,212,WF_W3_20260821
W4,BOSCHLTD,2020-01-01T00:00:00,2024-06-01T00:00:00,819,273,WF_W4_20260821
W5,BOSCHLTD,2020-01-01T00:00:00,2025-06-01T00:00:00,1004,335,WF_W5_20260821
W1,BPCL,2020-01-01T00:00:00,2021-06-01T00:00:00,263,88,WF_W1_20260821
W2,BPCL,2020-01-01T00:00:00,2022-06-01T00:00:00,450,150,WF_W2_20260821
W3,BPCL,2020-01-01T00:00:00,2023-06-01T00:00:00,635,212,WF_W3_20260821
W4,BPCL,2020-01-01T00:00:00,2024-06-01T00:00:00,819,273,WF_W4_20260821
W5,BPCL,2020-01-01T00:00:00,2025-06-01T00:00:00,1004,335,WF_W5_20260821
W1,BRITANNIA,2020-01-01T00:00:00,2021-06-01T00:00:00,263,88,WF_W1_20260821
W2,BRITANNIA,2020-01-01T00:00:00,2022-06-01T00:00:00,450,150,WF_W2_20260821
W3,BRITANNIA,2020-01-01T00:00:00,2023-06-01T00:00:00,635,212,WF_W3_20260821
W4,BRITANNIA,2020-01-01T00:00:00,2024-06-01T00:00:00,819,273,WF_W4_20260821
W5,BRITANNIA,2020-01-01T00:00:00,2025-06-01T00:00:00,1004,335,WF_W5_20260821
W1,CANBK,2020-01-01T00:00:00,2021-06-01T00:00:00,263,88,WF_W1_20260821
W2,CANBK,2020-01-01T00:00:00,2022-06-01T00:00:00,450,150,WF_W2_20260821
W3,CANBK,2020-01-01T00:00:00,2023-06-01T00:00:00,635,212,WF_W3_20260821
W4,CANBK,2020-01-01T00:00:00,2024-06-01T00:00:00,819,273,WF_W4_20260821
W5,CANBK,2020-01-01T00:00:00,2025-06-01T00:00:00,1004,335,WF_W5_20260821
W1,CANFINHOME,2020-01-01T00:00:00,2021-06-01T00:00:00,263,88,WF_W1_20260821
W2,CANFINHOME,2020-01-01T00:00:00,2022-06-01T00:00:00,450,150,WF_W2_20260821
W3,CANFINHOME,2020-01-01T00:00:00,2023-06-01T00:00:00,635,212,WF_W3_20260821
W4,CANFINHOME,2020-01-01T00:00:00,2024-06-01T00:00:00,819,273,WF_W4_20260821
W5,CANFINHOME,2020-01-01T00:00:00,2025-06-01T00:00:00,1004,335,WF_W5_20260821
W1,CGPOWER,2020-01-01T00:00:00,2021-06-01T00:00:00,263,88,WF_W1_20260821
W2,CGPOWER,2020-01-01T00:00:00,2022-06-01T00:00:00,450,150,WF_W2_20260821
W3,CGPOWER,2020-01-01T00:00:00,2023-06-01T00:00:00,635,212,WF_W3_20260821
W4,CGPOWER,2020-01-01T00:00:00,2024-06-01T00:00:00,819,273,WF_W4_20260821
W5,CGPOWER,2020-01-01T00:00:00,2025-06-01T00:00:00,1004,335,WF_W5_20260821
W1,CHAMBLFERT,2020-01-01T00:00:00,2021-06-01T00:00:00,263,88,WF_W1_20260821
W2,CHAMBLFERT,2020-01-01T00:00:00,2022-06-01T00:00:00,450,150,WF_W2_20260821
W3,CHAMBLFERT,2020-01-01T00:00:00,2023-06-01T00:00:00,635,212,WF_W3_20260821
W4,CHAMBLFERT,2020-01-01T00:00:00,2024-06-01T00:00:00,819,273,WF_W4_20260821
W5,CHAMBLFERT,2020-01-01T00:00:00,2025-06-01T00:00:00,1004,335,WF_W5_20260821
W1,CHOLAFIN,2020-01-01T00:00:00,2021-06-01T00:00:00,263,88,WF_W1_20260821
W2,CHOLAFIN,2020-01-01T00:00:00,2022-06-01T00:00:00,450,150,WF_W2_20260821
W3,CHOLAFIN,2020-01-01T00:00:00,2023-06-01T00:00:00,635,212,WF_W3_20260821
W4,CHOLAFIN,2020-01-01T00:00:00,2024-06-01T00:00:00,819,273,WF_W4_20260821
W5,CHOLAFIN,2020-01-01T00:00:00,2025-06-01T00:00:00,1004,335,WF_W5_20260821
W1,CIPLA,2020-01-01T00:00:00,2021-06-01T00:00:00,263,88,WF_W1_20260821
W2,CIPLA,2020-01-01T00:00:00,2022-06-01T00:00:00,450,150,WF_W2_20260821
W3,CIPLA,2020-01-01T00:00:00,2023-06-01T00:00:00,635,212,WF_W3_20260821
W4,CIPLA,2020-01-01T00:00:00,2024-06-01T00:00:00,819,273,WF_W4_20260821
W5,CIPLA,2020-01-01T00:00:00,2025-06-01T00:00:00,1004,335,WF_W5_20260821
W1,COALINDIA,2020-01-01T00:00:00,2021-06-01T00:00:00,263,88,WF_W1_20260821
W2,COALINDIA,2020-01-01T00:00:00,2022-06-01T00:00:00,450,150,WF_W2_20260821
W3,COALINDIA,2020-01-01T00:00:00,2023-06-01T00:00:00,635,212,WF_W3_20260821
W4,COALINDIA,2020-01-01T00:00:00,2024-06-01T00:00:00,819,273,WF_W4_20260821
W5,COALINDIA,2020-01-01T00:00:00,2025-06-01T00:00:00,1004,335,WF_W5_20260821
W1,COFORGE,2020-01-01T00:00:00,2021-06-01T00:00:00,263,88,WF_W1_20260821
W2,COFORGE,2020-01-01T00:00:00,2022-06-01T00:00:00,450,150,WF_W2_20260821
W3,COFORGE,2020-01-01T00:00:00,2023-06-01T00:00:00,635,212,WF_W3_20260821
W4,COFORGE,2020-01-01T00:00:00,2024-06-01T00:00:00,819,273,WF_W4_20260821
W5,COFORGE,2020-01-01T00:00:00,2025-06-01T00:00:00,1004,335,WF_W5_20260821
W1,COLPAL,2020-01-01T00:00:00,2021-06-01T00:00:00,263,88,WF_W1_20260821
W2,COLPAL,2020-01-01T00:00:00,2022-06-01T00:00:00,450,150,WF_W2_20260821
W3,COLPAL,2020-01-01T00:00:00,2023-06-01T00:00:00,635,212,WF_W3_20260821
W4,COLPAL,2020-01-01T00:00:00,2024-06-01T00:00:00,819,273,WF_W4_20260821
W5,COLPAL,2020-01-01T00:00:00,2025-06-01T00:00:00,1004,335,WF_W5_20260821
W1,CONCOR,2020-01-01T00:00:00,2021-06-01T00:00:00,263,88,WF_W1_20260821
W2,CONCOR,2020-01-01T00:00:00,2022-06-01T00:00:00,450,150,WF_W2_20260821
W3,CONCOR,2020-01-01T00:00:00,2023-06-01T00:00:00,635,212,WF_W3_20260821
W4,CONCOR,2020-01-01T00:00:00,2024-06-01T00:00:00,819,273,WF_W4_20260821
W5,CONCOR,2020-01-01T00:00:00,2025-06-01T00:00:00,1004,335,WF_W5_20260821
W1,COROMANDEL,2020-01-01T00:00:00,2021-06-01T00:00:00,263,88,WF_W1_20260821
W2,COROMANDEL,2020-01-01T00:00:00,2022-06-01T00:00:00,450,150,WF_W2_20260821
W3,COROMANDEL,2020-01-01T00:00:00,2023-06-01T00:00:00,635,212,WF_W3_20260821
W4,COROMANDEL,2020-01-01T00:00:00,2024-06-01T00:00:00,819,273,WF_W4_20260821
W5,COROMANDEL,2020-01-01T00:00:00,2025-06-01T00:00:00,1004,335,WF_W5_20260821
W1,CROMPTON,2020-01-01T00:00:00,2021-06-01T00:00:00,263,88,WF_W1_20260821
W2,CROMPTON,2020-01-01T00:00:00,2022-06-01T00:00:00,450,150,WF_W2_20260821
W3,CROMPTON,2020-01-01T00:00:00,2023-06-01T00:00:00,635,212,WF_W3_20260821
W4,CROMPTON,2020-01-01T00:00:00,2024-06-01T00:00:00,819,273,WF_W4_20260821
W5,CROMPTON,2020-01-01T00:00:00,2025-06-01T00:00:00,1004,335,WF_W5_20260821
W1,CUMMINSIND,2020-01-01T00:00:00,2021-06-01T00:00:00,263,88,WF_W1_20260821
W2,CUMMINSIND,2020-01-01T00:00:00,2022-06-01T00:00:00,450,150,WF_W2_20260821
W3,CUMMINSIND,2020-01-01T00:00:00,2023-06-01T00:00:00,635,212,WF_W3_20260821
W4,CUMMINSIND,2020-01-01T00:00:00,2024-06-01T00:00:00,819,273,WF_W4_20260821
W5,CUMMINSIND,2020-01-01T00:00:00,2025-06-01T00:00:00,1004,335,WF_W5_20260821
W1,DABUR,2020-01-01T00:00:00,2021-06-01T00:00:00,263,88,WF_W1_20260821
W2,DABUR,2020-01-01T00:00:00,2022-06-01T00:00:00,450,150,WF_W2_20260821
W3,DABUR,2020-01-01T00:00:00,2023-06-01T00:00:00,635,212,WF_W3_20260821
W4,DABUR,2020-01-01T00:00:00,2024-06-01T00:00:00,819,273,WF_W4_20260821
W5,DABUR,2020-01-01T00:00:00,2025-06-01T00:00:00,1004,335,WF_W5_20260821
W1,DALBHARAT,2020-01-01T00:00:00,2021-06-01T00:00:00,263,88,WF_W1_20260821
W2,DALBHARAT,2020-01-01T00:00:00,2022-06-01T00:00:00,450,150,WF_W2_20260821
W3,DALBHARAT,2020-01-01T00:00:00,2023-06-01T00:00:00,635,212,WF_W3_20260821
W4,DALBHARAT,2020-01-01T00:00:00,2024-06-01T00:00:00,819,273,WF_W4_20260821
W5,DALBHARAT,2020-01-01T00:00:00,2025-06-01T00:00:00,1004,335,WF_W5_20260821
W1,DEEPAKNTR,2020-01-01T00:00:00,2021-06-01T00:00:00,263,88,WF_W1_20260821
W2,DEEPAKNTR,2020-01-01T00:00:00,2022-06-01T00:00:00,450,150,WF_W2_20260821
W3,DEEPAKNTR,2020-01-01T00:00:00,2023-06-01T00:00:00,635,212,WF_W3_20260821
W4,DEEPAKNTR,2020-01-01T00:00:00,2024-06-01T00:00:00,819,273,WF_W4_20260821
W5,DEEPAKNTR,2020-01-01T00:00:00,2025-06-01T00:00:00,1004,335,WF_W5_20260821
W3,DELHIVERY,2022-05-24T00:00:00,2023-06-01T00:00:00,189,64,WF_W3_20260821
W4,DELHIVERY,2022-05-24T00:00:00,2024-06-01T00:00:00,373,125,WF_W4_20260821
W5,DELHIVERY,2022-05-24T00:00:00,2025-06-01T00:00:00,558,187,WF_W5_20260821
W1,DIVISLAB,2020-01-01T00:00:00,2021-06-01T00:00:00,263,88,WF_W1_20260821
W2,DIVISLAB,2020-01-01T00:00:00,2022-06-01T00:00:00,450,150,WF_W2_20260821
W3,DIVISLAB,2020-01-01T00:00:00,2023-06-01T00:00:00,635,212,WF_W3_20260821
W4,DIVISLAB,2020-01-01T00:00:00,2024-06-01T00:00:00,819,273,WF_W4_20260821
W5,DIVISLAB,2020-01-01T00:00:00,2025-06-01T00:00:00,1004,335,WF_W5_20260821
W1,DIXON,2020-01-01T00:00:00,2021-06-01T00:00:00,263,88,WF_W1_20260821
W2,DIXON,2020-01-01T00:00:00,2022-06-01T00:00:00,450,150,WF_W2_20260821
W3,DIXON,2020-01-01T00:00:00,2023-06-01T00:00:00,635,212,WF_W3_20260821
W4,DIXON,2020-01-01T00:00:00,2024-06-01T00:00:00,819,273,WF_W4_20260821
W5,DIXON,2020-01-01T00:00:00,2025-06-01T00:00:00,1004,335,WF_W5_20260821
W1,DLF,2020-01-01T00:00:00,2021-06-01T00:00:00,263,88,WF_W1_20260821
W2,DLF,2020-01-01T00:00:00,2022-06-01T00:00:00,450,150,WF_W2_20260821
W3,DLF,2020-01-01T00:00:00,2023-06-01T00:00:00,635,212,WF_W3_20260821
W4,DLF,2020-01-01T00:00:00,2024-06-01T00:00:00,819,273,WF_W4_20260821
W5,DLF,2020-01-01T00:00:00,2025-06-01T00:00:00,1004,335,WF_W5_20260821
W1,DRREDDY,2020-01-01T00:00:00,2021-06-01T00:00:00,263,88,WF_W1_20260821
W2,DRREDDY,2020-01-01T00:00:00,2022-06-01T00:00:00,450,150,WF_W2_20260821
W3,DRREDDY,2020-01-01T00:00:00,2023-06-01T00:00:00,635,212,WF_W3_20260821
W4,DRREDDY,2020-01-01T00:00:00,2024-06-01T00:00:00,819,273,WF_W4_20260821
W5,DRREDDY,2020-01-01T00:00:00,2025-06-01T00:00:00,1004,335,WF_W5_20260821
W1,EICHERMOT,2020-01-01T00:00:00,2021-06-01T00:00:00,263,88,WF_W1_20260821
W2,EICHERMOT,2020-01-01T00:00:00,2022-06-01T00:00:00,450,150,WF_W2_20260821
W3,EICHERMOT,2020-01-01T00:00:00,2023-06-01T00:00:00,635,212,WF_W3_20260821
W4,EICHERMOT,2020-01-01T00:00:00,2024-06-01T00:00:00,819,273,WF_W4_20260821
W5,EICHERMOT,2020-01-01T00:00:00,2025-06-01T00:00:00,1004,335,WF_W5_20260821
W1,ESCORTS,2020-01-01T00:00:00,2021-06-01T00:00:00,263,88,WF_W1_20260821
W2,ESCORTS,2020-01-01T00:00:00,2022-06-01T00:00:00,450,150,WF_W2_20260821
W3,ESCORTS,2020-01-01T00:00:00,2023-06-01T00:00:00,635,212,WF_W3_20260821
W4,ESCORTS,2020-01-01T00:00:00,2024-06-01T00:00:00,819,273,WF_W4_20260821
W5,ESCORTS,2020-01-01T00:00:00,2025-06-01T00:00:00,1004,335,WF_W5_20260821
W1,EXIDEIND,2020-01-01T00:00:00,2021-06-01T00:00:00,263,88,WF_W1_20260821
W2,EXIDEIND,2020-01-01T00:00:00,2022-06-01T00:00:00,450,150,WF_W2_20260821
W3,EXIDEIND,2020-01-01T00:00:00,2023-06-01T00:00:00,635,212,WF_W3_20260821
W4,EXIDEIND,2020-01-01T00:00:00,2024-06-01T00:00:00,819,273,WF_W4_20260821
W5,EXIDEIND,2020-01-01T00:00:00,2025-06-01T00:00:00,1004,335,WF_W5_20260821
W1,FEDERALBNK,2020-01-01T00:00:00,2021-06-01T00:00:00,263,88,WF_W1_20260821
W2,FEDERALBNK,2020-01-01T00:00:00,2022-06-01T00:00:00,450,150,WF_W2_20260821
W3,FEDERALBNK,2020-01-01T00:00:00,2023-06-01T00:00:00,635,212,WF_W3_20260821
W4,FEDERALBNK,2020-01-01T00:00:00,2024-06-01T00:00:00,819,273,WF_W4_20260821
W5,FEDERALBNK,2020-01-01T00:00:00,2025-06-01T00:00:00,1004,335,WF_W5_20260821
W1,FORTIS,2020-01-01T00:00:00,2021-06-01T00:00:00,263,88,WF_W1_20260821
W2,FORTIS,2020-01-01T00:00:00,2022-06-01T00:00:00,450,150,WF_W2_20260821
W3,FORTIS,2020-01-01T00:00:00,2023-06-01T00:00:00,635,212,WF_W3_20260821
W4,FORTIS,2020-01-01T00:00:00,2024-06-01T00:00:00,819,273,WF_W4_20260821
W5,FORTIS,2020-01-01T00:00:00,2025-06-01T00:00:00,1004,335,WF_W5_20260821
W1,GAIL,2020-01-01T00:00:00,2021-06-01T00:00:00,263,88,WF_W1_20260821
W2,GAIL,2020-01-01T00:00:00,2022-06-01T00:00:00,450,150,WF_W2_20260821
W3,GAIL,2020-01-01T00:00:00,2023-06-01T00:00:00,635,212,WF_W3_20260821
W4,GAIL,2020-01-01T00:00:00,2024-06-01T00:00:00,819,273,WF_W4_20260821
W5,GAIL,2020-01-01T00:00:00,2025-06-01T00:00:00,1004,335,WF_W5_20260821
W1,GLENMARK,2020-01-01T00:00:00,2021-06-01T00:00:00,263,88,WF_W1_20260821
W2,GLENMARK,2020-01-01T00:00:00,2022-06-01T00:00:00,450,150,WF_W2_20260821
W3,GLENMARK,2020-01-01T00:00:00,2023-06-01T00:00:00,635,212,WF_W3_20260821
W4,GLENMARK,2020-01-01T00:00:00,2024-06-01T00:00:00,819,273,WF_W4_20260821
W5,GLENMARK,2020-01-01T00:00:00,2025-06-01T00:00:00,1004,335,WF_W5_20260821
W1,GMRINFRA,2020-01-01T00:00:00,2021-06-01T00:00:00,263,88,WF_W1_20260821
W2,GMRINFRA,2020-01-01T00:00:00,2022-06-01T00:00:00,450,150,WF_W2_20260821
W3,GMRINFRA,2020-01-01T00:00:00,2023-06-01T00:00:00,635,212,WF_W3_20260821
W4,GMRINFRA,2020-01-01T00:00:00,2024-06-01T00:00:00,819,273,WF_W4_20260821
W5,GMRINFRA,2020-01-01T00:00:00,2025-06-01T00:00:00,1004,335,WF_W5_20260821
W1,GODREJCP,2020-01-01T00:00:00,2021-06-01T00:00:00,263,88,WF_W1_20260821
W2,GODREJCP,2020-01-01T00:00:00,2022-06-01T00:00:00,450,150,WF_W2_20260821
W3,GODREJCP,2020-01-01T00:00:00,2023-06-01T00:00:00,635,212,WF_W3_20260821
W4,GODREJCP,2020-01-01T00:00:00,2024-06-01T00:00:00,819,273,WF_W4_20260821
W5,GODREJCP,2020-01-01T00:00:00,2025-06-01T00:00:00,1004,335,WF_W5_20260821
W1,GODREJPROP,2020-01-01T00:00:00,2021-06-01T00:00:00,263,88,WF_W1_20260821
W2,GODREJPROP,2020-01-01T00:00:00,2022-06-01T00:00:00,450,150,WF_W2_20260821
W3,GODREJPROP,2020-01-01T00:00:00,2023-06-01T00:00:00,635,212,WF_W3_20260821
W4,GODREJPROP,2020-01-01T00:00:00,2024-06-01T00:00:00,819,273,WF_W4_20260821
W5,GODREJPROP,2020-01-01T00:00:00,2025-06-01T00:00:00,1004,335,WF_W5_20260821
W1,GRASIM,2020-01-01T00:00:00,2021-06-01T00:00:00,263,88,WF_W1_20260821
W2,GRASIM,2020-01-01T00:00:00,2022-06-01T00:00:00,450,150,WF_W2_20260821
W3,GRASIM,2020-01-01T00:00:00,2023-06-01T00:00:00,635,212,WF_W3_20260821
W4,GRASIM,2020-01-01T00:00:00,2024-06-01T00:00:00,819,273,WF_W4_20260821
W5,GRASIM,2020-01-01T00:00:00,2025-06-01T00:00:00,1004,335,WF_W5_20260821
W1,HAL,2020-01-01T00:00:00,2021-06-01T00:00:00,263,88,WF_W1_20260821
W2,HAL,2020-01-01T00:00:00,2022-06-01T00:00:00,450,150,WF_W2_20260821
W3,HAL,2020-01-01T00:00:00,2023-06-01T00:00:00,635,212,WF_W3_20260821
W4,HAL,2020-01-01T00:00:00,2024-06-01T00:00:00,819,273,WF_W4_20260821
W5,HAL,2020-01-01T00:00:00,2025-06-01T00:00:00,1004,335,WF_W5_20260821
W1,HAVELLS,2020-01-01T00:00:00,2021-06-01T00:00:00,263,88,WF_W1_20260821
W2,HAVELLS,2020-01-01T00:00:00,2022-06-01T00:00:00,450,150,WF_W2_20260821
W3,HAVELLS,2020-01-01T00:00:00,2023-06-01T00:00:00,635,212,WF_W3_20260821
W4,HAVELLS,2020-01-01T00:00:00,2024-06-01T00:00:00,819,273,WF_W4_20260821
W5,HAVELLS,2020-01-01T00:00:00,2025-06-01T00:00:00,1004,335,WF_W5_20260821
W1,HCLTECH,2020-01-01T00:00:00,2021-06-01T00:00:00,263,88,WF_W1_20260821
W2,HCLTECH,2020-01-01T00:00:00,2022-06-01T00:00:00,450,150,WF_W2_20260821
W3,HCLTECH,2020-01-01T00:00:00,2023-06-01T00:00:00,635,212,WF_W3_20260821
W4,HCLTECH,2020-01-01T00:00:00,2024-06-01T00:00:00,819,273,WF_W4_20260821
W5,HCLTECH,2020-01-01T00:00:00,2025-06-01T00:00:00,1004,335,WF_W5_20260821
W1,HDFCBANK,2017-06-01T00:00:00,2021-06-01T00:00:00,740,247,WF_W1_20260821
W2,HDFCBANK,2017-06-01T00:00:00,2022-06-01T00:00:00,927,310,WF_W2_20260821
W3,HDFCBANK,2017-06-01T00:00:00,2023-06-01T00:00:00,1113,372,WF_W3_20260821
W4,HDFCBANK,2017-06-01T00:00:00,2024-06-01T00:00:00,1297,433,WF_W4_20260821
W5,HDFCBANK,2017-06-01T00:00:00,2025-06-01T00:00:00,1482,495,WF_W5_20260821
W1,HDFCLIFE,2020-01-01T00:00:00,2021-06-01T00:00:00,263,88,WF_W1_20260821
W2,HDFCLIFE,2020-01-01T00:00:00,2022-06-01T00:00:00,450,150,WF_W2_20260821
W3,HDFCLIFE,2020-01-01T00:00:00,2023-06-01T00:00:00,635,212,WF_W3_20260821
W4,HDFCLIFE,2020-01-01T00:00:00,2024-06-01T00:00:00,819,273,WF_W4_20260821
W5,HDFCLIFE,2020-01-01T00:00:00,2025-06-01T00:00:00,1004,335,WF_W5_20260821
W1,HEROMOTOCO,2020-01-01T00:00:00,2021-06-01T00:00:00,263,88,WF_W1_20260821
W2,HEROMOTOCO,2020-01-01T00:00:00,2022-06-01T00:00:00,450,150,WF_W2_20260821
W3,HEROMOTOCO,2020-01-01T00:00:00,2023-06-01T00:00:00,635,212,WF_W3_20260821
W4,HEROMOTOCO,2020-01-01T00:00:00,2024-06-01T00:00:00,819,273,WF_W4_20260821
W5,HEROMOTOCO,2020-01-01T00:00:00,2025-06-01T00:00:00,1004,335,WF_W5_20260821
W1,HINDALCO,2020-01-01T00:00:00,2021-06-01T00:00:00,263,88,WF_W1_20260821
W2,HINDALCO,2020-01-01T00:00:00,2022-06-01T00:00:00,450,150,WF_W2_20260821
W3,HINDALCO,2020-01-01T00:00:00,2023-06-01T00:00:00,635,212,WF_W3_20260821
W4,HINDALCO,2020-01-01T00:00:00,2024-06-01T00:00:00,819,273,WF_W4_20260821
W5,HINDALCO,2020-01-01T00:00:00,2025-06-01T00:00:00,1004,335,WF_W5_20260821
W1,HINDCOPPER,2020-01-01T00:00:00,2021-06-01T00:00:00,263,88,WF_W1_20260821
W2,HINDCOPPER,2020-01-01T00:00:00,2022-06-01T00:00:00,450,150,WF_W2_20260821
W3,HINDCOPPER,2020-01-01T00:00:00,2023-06-01T00:00:00,635,212,WF_W3_20260821
W4,HINDCOPPER,2020-01-01T00:00:00,2024-06-01T00:00:00,819,273,WF_W4_20260821
W5,HINDCOPPER,2020-01-01T00:00:00,2025-06-01T00:00:00,1004,335,WF_W5_20260821
W1,HINDPETRO,2020-01-01T00:00:00,2021-06-01T00:00:00,263,88,WF_W1_20260821
W2,HINDPETRO,2020-01-01T00:00:00,2022-06-01T00:00:00,450,150,WF_W2_20260821
W3,HINDPETRO,2020-01-01T00:00:00,2023-06-01T00:00:00,635,212,WF_W3_20260821
W4,HINDPETRO,2020-01-01T00:00:00,2024-06-01T00:00:00,819,273,WF_W4_20260821
W5,HINDPETRO,2020-01-01T00:00:00,2025-06-01T00:00:00,1004,335,WF_W5_20260821
W1,HINDUNILVR,2020-01-01T00:00:00,2021-06-01T00:00:00,263,88,WF_W1_20260821
W2,HINDUNILVR,2020-01-01T00:00:00,2022-06-01T00:00:00,450,150,WF_W2_20260821
W3,HINDUNILVR,2020-01-01T00:00:00,2023-06-01T00:00:00,635,212,WF_W3_20260821
W4,HINDUNILVR,2020-01-01T00:00:00,2024-06-01T00:00:00,819,273,WF_W4_20260821
W5,HINDUNILVR,2020-01-01T00:00:00,2025-06-01T00:00:00,1004,335,WF_W5_20260821
W1,HINDZINC,2020-01-01T00:00:00,2021-06-01T00:00:00,263,88,WF_W1_20260821
W2,HINDZINC,2020-01-01T00:00:00,2022-06-01T00:00:00,450,150,WF_W2_20260821
W3,HINDZINC,2020-01-01T00:00:00,2023-06-01T00:00:00,635,212,WF_W3_20260821
W4,HINDZINC,2020-01-01T00:00:00,2024-06-01T00:00:00,819,273,WF_W4_20260821
W5,HINDZINC,2020-01-01T00:00:00,2025-06-01T00:00:00,1004,335,WF_W5_20260821
W1,HUDCO,2020-01-01T00:00:00,2021-06-01T00:00:00,263,88,WF_W1_20260821
W2,HUDCO,2020-01-01T00:00:00,2022-06-01T00:00:00,450,150,WF_W2_20260821
W3,HUDCO,2020-01-01T00:00:00,2023-06-01T00:00:00,635,212,WF_W3_20260821
W4,HUDCO,2020-01-01T00:00:00,2024-06-01T00:00:00,819,273,WF_W4_20260821
W5,HUDCO,2020-01-01T00:00:00,2025-06-01T00:00:00,1004,335,WF_W5_20260821
W1,ICICIBANK,2017-06-01T00:00:00,2021-06-01T00:00:00,740,247,WF_W1_20260821
W2,ICICIBANK,2017-06-01T00:00:00,2022-06-01T00:00:00,927,310,WF_W2_20260821
W3,ICICIBANK,2017-06-01T00:00:00,2023-06-01T00:00:00,1113,372,WF_W3_20260821
W4,ICICIBANK,2017-06-01T00:00:00,2024-06-01T00:00:00,1297,433,WF_W4_20260821
W5,ICICIBANK,2017-06-01T00:00:00,2025-06-01T00:00:00,1482,495,WF_W5_20260821
W1,ICICIGI,2020-01-01T00:00:00,2021-06-01T00:00:00,263,88,WF_W1_20260821
W2,ICICIGI,2020-01-01T00:00:00,2022-06-01T00:00:00,450,150,WF_W2_20260821
W3,ICICIGI,2020-01-01T00:00:00,2023-06-01T00:00:00,635,212,WF_W3_20260821
W4,ICICIGI,2020-01-01T00:00:00,2024-06-01T00:00:00,819,273,WF_W4_20260821
W5,ICICIGI,2020-01-01T00:00:00,2025-06-01T00:00:00,1004,335,WF_W5_20260821
W1,ICICIPRULI,2020-01-01T00:00:00,2021-06-01T00:00:00,263,88,WF_W1_20260821
W2,ICICIPRULI,2020-01-01T00:00:00,2022-06-01T00:00:00,450,150,WF_W2_20260821
W3,ICICIPRULI,2020-01-01T00:00:00,2023-06-01T00:00:00,635,212,WF_W3_20260821
W4,ICICIPRULI,2020-01-01T00:00:00,2024-06-01T00:00:00,819,273,WF_W4_20260821
W5,ICICIPRULI,2020-01-01T00:00:00,2025-06-01T00:00:00,1004,335,WF_W5_20260821
W1,IDBI,2020-01-01T00:00:00,2021-06-01T00:00:00,263,88,WF_W1_20260821
W2,IDBI,2020-01-01T00:00:00,2022-06-01T00:00:00,450,150,WF_W2_20260821
W3,IDBI,2020-01-01T00:00:00,2023-06-01T00:00:00,635,212,WF_W3_20260821
W4,IDBI,2020-01-01T00:00:00,2024-06-01T00:00:00,819,273,WF_W4_20260821
W5,IDBI,2020-01-01T00:00:00,2025-06-01T00:00:00,1004,335,WF_W5_20260821
W1,IDFCFIRSTB,2020-01-01T00:00:00,2021-06-01T00:00:00,263,88,WF_W1_20260821
W2,IDFCFIRSTB,2020-01-01T00:00:00,2022-06-01T00:00:00,450,150,WF_W2_20260821
W3,IDFCFIRSTB,2020-01-01T00:00:00,2023-06-01T00:00:00,635,212,WF_W3_20260821
W4,IDFCFIRSTB,2020-01-01T00:00:00,2024-06-01T00:00:00,819,273,WF_W4_20260821
W5,IDFCFIRSTB,2020-01-01T00:00:00,2025-06-01T00:00:00,1004,335,WF_W5_20260821
W1,IGL,2020-01-01T00:00:00,2021-06-01T00:00:00,263,88,WF_W1_20260821
W2,IGL,2020-01-01T00:00:00,2022-06-01T00:00:00,450,150,WF_W2_20260821
W3,IGL,2020-01-01T00:00:00,2023-06-01T00:00:00,635,212,WF_W3_20260821
W4,IGL,2020-01-01T00:00:00,2024-06-01T00:00:00,819,273,WF_W4_20260821
W5,IGL,2020-01-01T00:00:00,2025-06-01T00:00:00,1004,335,WF_W5_20260821
W1,INDHOTEL,2020-01-01T00:00:00,2021-06-01T00:00:00,263,88,WF_W1_20260821
W2,INDHOTEL,2020-01-01T00:00:00,2022-06-01T00:00:00,450,150,WF_W2_20260821
W3,INDHOTEL,2020-01-01T00:00:00,2023-06-01T00:00:00,635,212,WF_W3_20260821
W4,INDHOTEL,2020-01-01T00:00:00,2024-06-01T00:00:00,819,273,WF_W4_20260821
W5,INDHOTEL,2020-01-01T00:00:00,2025-06-01T00:00:00,1004,335,WF_W5_20260821
W1,INDIAMART,2020-01-01T00:00:00,2021-06-01T00:00:00,263,88,WF_W1_20260821
W2,INDIAMART,2020-01-01T00:00:00,2022-06-01T00:00:00,450,150,WF_W2_20260821
W3,INDIAMART,2020-01-01T00:00:00,2023-06-01T00:00:00,635,212,WF_W3_20260821
W4,INDIAMART,2020-01-01T00:00:00,2024-06-01T00:00:00,819,273,WF_W4_20260821
W5,INDIAMART,2020-01-01T00:00:00,2025-06-01T00:00:00,1004,335,WF_W5_20260821
W1,INDIANB,2020-01-01T00:00:00,2021-06-01T00:00:00,263,88,WF_W1_20260821
W2,INDIANB,2020-01-01T00:00:00,2022-06-01T00:00:00,450,150,WF_W2_20260821
W3,INDIANB,2020-01-01T00:00:00,2023-06-01T00:00:00,635,212,WF_W3_20260821
W4,INDIANB,2020-01-01T00:00:00,2024-06-01T00:00:00,819,273,WF_W4_20260821
W5,INDIANB,2020-01-01T00:00:00,2025-06-01T00:00:00,1004,335,WF_W5_20260821
W1,INDIGO,2020-01-01T00:00:00,2021-06-01T00:00:00,263,88,WF_W1_20260821
W2,INDIGO,2020-01-01T00:00:00,2022-06-01T00:00:00,450,150,WF_W2_20260821
W3,INDIGO,2020-01-01T00:00:00,2023-06-01T00:00:00,635,212,WF_W3_20260821
W4,INDIGO,2020-01-01T00:00:00,2024-06-01T00:00:00,819,273,WF_W4_20260821
W5,INDIGO,2020-01-01T00:00:00,2025-06-01T00:00:00,1004,335,WF_W5_20260821
W1,INDUSINDBK,2020-01-01T00:00:00,2021-06-01T00:00:00,263,88,WF_W1_20260821
W2,INDUSINDBK,2020-01-01T00:00:00,2022-06-01T00:00:00,450,150,WF_W2_20260821
W3,INDUSINDBK,2020-01-01T00:00:00,2023-06-01T00:00:00,635,212,WF_W3_20260821
W4,INDUSINDBK,2020-01-01T00:00:00,2024-06-01T00:00:00,819,273,WF_W4_20260821
W5,INDUSINDBK,2020-01-01T00:00:00,2025-06-01T00:00:00,1004,335,WF_W5_20260821
W1,INDUSTOWER,2020-01-01T00:00:00,2021-06-01T00:00:00,263,88,WF_W1_20260821
W2,INDUSTOWER,2020-01-01T00:00:00,2022-06-01T00:00:00,450,150,WF_W2_20260821
W3,INDUSTOWER,2020-01-01T00:00:00,2023-06-01T00:00:00,635,212,WF_W3_20260821
W4,INDUSTOWER,2020-01-01T00:00:00,2024-06-01T00:00:00,819,273,WF_W4_20260821
W5,INDUSTOWER,2020-01-01T00:00:00,2025-06-01T00:00:00,1004,335,WF_W5_20260821
W1,INFY,2017-06-01T00:00:00,2021-06-01T00:00:00,740,247,WF_W1_20260821
W2,INFY,2017-06-01T00:00:00,2022-06-01T00:00:00,927,310,WF_W2_20260821
W3,INFY,2017-06-01T00:00:00,2023-06-01T00:00:00,1113,372,WF_W3_20260821
W4,INFY,2017-06-01T00:00:00,2024-06-01T00:00:00,1297,433,WF_W4_20260821
W5,INFY,2017-06-01T00:00:00,2025-06-01T00:00:00,1482,495,WF_W5_20260821
W1,IOC,2020-01-01T00:00:00,2021-06-01T00:00:00,263,88,WF_W1_20260821
W2,IOC,2020-01-01T00:00:00,2022-06-01T00:00:00,450,150,WF_W2_20260821
W3,IOC,2020-01-01T00:00:00,2023-06-01T00:00:00,635,212,WF_W3_20260821
W4,IOC,2020-01-01T00:00:00,2024-06-01T00:00:00,819,273,WF_W4_20260821
W5,IOC,2020-01-01T00:00:00,2025-06-01T00:00:00,1004,335,WF_W5_20260821
W1,IRB,2020-01-01T00:00:00,2021-06-01T00:00:00,263,88,WF_W1_20260821
W2,IRB,2020-01-01T00:00:00,2022-06-01T00:00:00,450,150,WF_W2_20260821
W3,IRB,2020-01-01T00:00:00,2023-06-01T00:00:00,635,212,WF_W3_20260821
W4,IRB,2020-01-01T00:00:00,2024-06-01T00:00:00,819,273,WF_W4_20260821
W5,IRB,2020-01-01T00:00:00,2025-06-01T00:00:00,1004,335,WF_W5_20260821
W1,IRCTC,2020-01-01T00:00:00,2021-06-01T00:00:00,263,88,WF_W1_20260821
W2,IRCTC,2020-01-01T00:00:00,2022-06-01T00:00:00,450,150,WF_W2_20260821
W3,IRCTC,2020-01-01T00:00:00,2023-06-01T00:00:00,635,212,WF_W3_20260821
W4,IRCTC,2020-01-01T00:00:00,2024-06-01T00:00:00,819,273,WF_W4_20260821
W5,IRCTC,2020-01-01T00:00:00,2025-06-01T00:00:00,1004,335,WF_W5_20260821
W2,IRFC,2021-01-29T00:00:00,2022-06-01T00:00:00,247,83,WF_W2_20260821
W3,IRFC,2021-01-29T00:00:00,2023-06-01T00:00:00,432,145,WF_W3_20260821
W4,IRFC,2021-01-29T00:00:00,2024-06-01T00:00:00,616,206,WF_W4_20260821
W5,IRFC,2021-01-29T00:00:00,2025-06-01T00:00:00,801,268,WF_W5_20260821
W1,ITC,2017-06-01T00:00:00,2021-06-01T00:00:00,740,247,WF_W1_20260821
W2,ITC,2017-06-01T00:00:00,2022-06-01T00:00:00,927,310,WF_W2_20260821
W3,ITC,2017-06-01T00:00:00,2023-06-01T00:00:00,1113,372,WF_W3_20260821
W4,ITC,2017-06-01T00:00:00,2024-06-01T00:00:00,1297,433,WF_W4_20260821
W5,ITC,2017-06-01T00:00:00,2025-06-01T00:00:00,1482,495,WF_W5_20260821
W1,JINDALSTEL,2020-01-01T00:00:00,2021-06-01T00:00:00,263,88,WF_W1_20260821
W2,JINDALSTEL,2020-01-01T00:00:00,2022-06-01T00:00:00,450,150,WF_W2_20260821
W3,JINDALSTEL,2020-01-01T00:00:00,2023-06-01T00:00:00,635,212,WF_W3_20260821
W4,JINDALSTEL,2020-01-01T00:00:00,2024-06-01T00:00:00,819,273,WF_W4_20260821
W5,JINDALSTEL,2020-01-01T00:00:00,2025-06-01T00:00:00,1004,335,WF_W5_20260821
W1,JSWENERGY,2020-01-01T00:00:00,2021-06-01T00:00:00,263,88,WF_W1_20260821
W2,JSWENERGY,2020-01-01T00:00:00,2022-06-01T00:00:00,450,150,WF_W2_20260821
W3,JSWENERGY,2020-01-01T00:00:00,2023-06-01T00:00:00,635,212,WF_W3_20260821
W4,JSWENERGY,2020-01-01T00:00:00,2024-06-01T00:00:00,819,273,WF_W4_20260821
W5,JSWENERGY,2020-01-01T00:00:00,2025-06-01T00:00:00,1004,335,WF_W5_20260821
W1,JSWSTEEL,2017-06-01T00:00:00,2021-06-01T00:00:00,740,247,WF_W1_20260821
W2,JSWSTEEL,2017-06-01T00:00:00,2022-06-01T00:00:00,927,310,WF_W2_20260821
W3,JSWSTEEL,2017-06-01T00:00:00,2023-06-01T00:00:00,1113,372,WF_W3_20260821
W4,JSWSTEEL,2017-06-01T00:00:00,2024-06-01T00:00:00,1297,433,WF_W4_20260821
W5,JSWSTEEL,2017-06-01T00:00:00,2025-06-01T00:00:00,1482,495,WF_W5_20260821
W1,JUBLFOOD,2020-01-01T00:00:00,2021-06-01T00:00:00,263,88,WF_W1_20260821
W2,JUBLFOOD,2020-01-01T00:00:00,2022-06-01T00:00:00,450,150,WF_W2_20260821
W3,JUBLFOOD,2020-01-01T00:00:00,2023-06-01T00:00:00,635,212,WF_W3_20260821
W4,JUBLFOOD,2020-01-01T00:00:00,2024-06-01T00:00:00,819,273,WF_W4_20260821
W5,JUBLFOOD,2020-01-01T00:00:00,2025-06-01T00:00:00,1004,335,WF_W5_20260821
W2,KALYANKJIL,2021-03-26T00:00:00,2022-06-01T00:00:00,218,73,WF_W2_20260821
W3,KALYANKJIL,2021-03-26T00:00:00,2023-06-01T00:00:00,403,135,WF_W3_20260821
W4,KALYANKJIL,2021-03-26T00:00:00,2024-06-01T00:00:00,587,196,WF_W4_20260821
W5,KALYANKJIL,2021-03-26T00:00:00,2025-06-01T00:00:00,772,258,WF_W5_20260821
W1,KANSAINER,2020-01-01T00:00:00,2021-06-01T00:00:00,263,88,WF_W1_20260821
W2,KANSAINER,2020-01-01T00:00:00,2022-06-01T00:00:00,450,150,WF_W2_20260821
W3,KANSAINER,2020-01-01T00:00:00,2023-06-01T00:00:00,635,212,WF_W3_20260821
W4,KANSAINER,2020-01-01T00:00:00,2024-06-01T00:00:00,819,273,WF_W4_20260821
W5,KANSAINER,2020-01-01T00:00:00,2025-06-01T00:00:00,1004,335,WF_W5_20260821
W1,KARURVYSYA,2020-01-01T00:00:00,2021-06-01T00:00:00,263,88,WF_W1_20260821
W2,KARURVYSYA,2020-01-01T00:00:00,2022-06-01T00:00:00,450,150,WF_W2_20260821
W3,KARURVYSYA,2020-01-01T00:00:00,2023-06-01T00:00:00,635,212,WF_W3_20260821
W4,KARURVYSYA,2020-01-01T00:00:00,2024-06-01T00:00:00,819,273,WF_W4_20260821
W5,KARURVYSYA,2020-01-01T00:00:00,2025-06-01T00:00:00,1004,335,WF_W5_20260821
W1,KEI,2020-01-01T00:00:00,2021-06-01T00:00:00,263,88,WF_W1_20260821
W2,KEI,2020-01-01T00:00:00,2022-06-01T00:00:00,450,150,WF_W2_20260821
W3,KEI,2020-01-01T00:00:00,2023-06-01T00:00:00,635,212,WF_W3_20260821
W4,KEI,2020-01-01T00:00:00,2024-06-01T00:00:00,819,273,WF_W4_20260821
W5,KEI,2020-01-01T00:00:00,2025-06-01T00:00:00,1004,335,WF_W5_20260821
W1,KOTAKBANK,2017-06-01T00:00:00,2021-06-01T00:00:00,740,247,WF_W1_20260821
W2,KOTAKBANK,2017-06-01T00:00:00,2022-06-01T00:00:00,927,310,WF_W2_20260821
W3,KOTAKBANK,2017-06-01T00:00:00,2023-06-01T00:00:00,1113,372,WF_W3_20260821
W4,KOTAKBANK,2017-06-01T00:00:00,2024-06-01T00:00:00,1297,433,WF_W4_20260821
W5,KOTAKBANK,2017-06-01T00:00:00,2025-06-01T00:00:00,1482,495,WF_W5_20260821
W1,KPITTECH,2020-01-01T00:00:00,2021-06-01T00:00:00,263,88,WF_W1_20260821
W2,KPITTECH,2020-01-01T00:00:00,2022-06-01T00:00:00,450,150,WF_W2_20260821
W3,KPITTECH,2020-01-01T00:00:00,2023-06-01T00:00:00,635,212,WF_W3_20260821
W4,KPITTECH,2020-01-01T00:00:00,2024-06-01T00:00:00,819,273,WF_W4_20260821
W5,KPITTECH,2020-01-01T00:00:00,2025-06-01T00:00:00,1004,335,WF_W5_20260821
W1,L&TFH,2020-01-01T00:00:00,2021-06-01T00:00:00,263,88,WF_W1_20260821
W2,L&TFH,2020-01-01T00:00:00,2022-06-01T00:00:00,450,150,WF_W2_20260821
W3,L&TFH,2020-01-01T00:00:00,2023-06-01T00:00:00,635,212,WF_W3_20260821
W4,L&TFH,2020-01-01T00:00:00,2024-06-01T00:00:00,819,273,WF_W4_20260821
W5,L&TFH,2020-01-01T00:00:00,2025-06-01T00:00:00,1004,335,WF_W5_20260821
W1,LICHSGFIN,2020-01-01T00:00:00,2021-06-01T00:00:00,263,88,WF_W1_20260821
W2,LICHSGFIN,2020-01-01T00:00:00,2022-06-01T00:00:00,450,150,WF_W2_20260821
W3,LICHSGFIN,2020-01-01T00:00:00,2023-06-01T00:00:00,635,212,WF_W3_20260821
W4,LICHSGFIN,2020-01-01T00:00:00,2024-06-01T00:00:00,819,273,WF_W4_20260821
W5,LICHSGFIN,2020-01-01T00:00:00,2025-06-01T00:00:00,1004,335,WF_W5_20260821
W3,LICI,2022-05-17T00:00:00,2023-06-01T00:00:00,193,65,WF_W3_20260821
W4,LICI,2022-05-17T00:00:00,2024-06-01T00:00:00,377,126,WF_W4_20260821
W5,LICI,2022-05-17T00:00:00,2025-06-01T00:00:00,562,188,WF_W5_20260821
W1,LT,2017-06-01T00:00:00,2021-06-01T00:00:00,740,247,WF_W1_20260821
W2,LT,2017-06-01T00:00:00,2022-06-01T00:00:00,927,310,WF_W2_20260821
W3,LT,2017-06-01T00:00:00,2023-06-01T00:00:00,1113,372,WF_W3_20260821
W4,LT,2017-06-01T00:00:00,2024-06-01T00:00:00,1297,433,WF_W4_20260821
W5,LT,2017-06-01T00:00:00,2025-06-01T00:00:00,1482,495,WF_W5_20260821
W1,LUPIN,2020-01-01T00:00:00,2021-06-01T00:00:00,263,88,WF_W1_20260821
W2,LUPIN,2020-01-01T00:00:00,2022-06-01T00:00:00,450,150,WF_W2_20260821
W3,LUPIN,2020-01-01T00:00:00,2023-06-01T00:00:00,635,212,WF_W3_20260821
W4,LUPIN,2020-01-01T00:00:00,2024-06-01T00:00:00,819,273,WF_W4_20260821
W5,LUPIN,2020-01-01T00:00:00,2025-06-01T00:00:00,1004,335,WF_W5_20260821
W1,M&M,2020-01-01T00:00:00,2021-06-01T00:00:00,263,88,WF_W1_20260821
W2,M&M,2020-01-01T00:00:00,2022-06-01T00:00:00,450,150,WF_W2_20260821
W3,M&M,2020-01-01T00:00:00,2023-06-01T00:00:00,635,212,WF_W3_20260821
W4,M&M,2020-01-01T00:00:00,2024-06-01T00:00:00,819,273,WF_W4_20260821
W5,M&M,2020-01-01T00:00:00,2025-06-01T00:00:00,1004,335,WF_W5_20260821
W1,M&MFIN,2020-01-01T00:00:00,2021-06-01T00:00:00,263,88,WF_W1_20260821
W2,M&MFIN,2020-01-01T00:00:00,2022-06-01T00:00:00,450,150,WF_W2_20260821
W3,M&MFIN,2020-01-01T00:00:00,2023-06-01T00:00:00,635,212,WF_W3_20260821
W4,M&MFIN,2020-01-01T00:00:00,2024-06-01T00:00:00,819,273,WF_W4_20260821
W5,M&MFIN,2020-01-01T00:00:00,2025-06-01T00:00:00,1004,335,WF_W5_20260821
W1,MAHABANK,2020-01-01T00:00:00,2021-06-01T00:00:00,263,88,WF_W1_20260821
W2,MAHABANK,2020-01-01T00:00:00,2022-06-01T00:00:00,450,150,WF_W2_20260821
W3,MAHABANK,2020-01-01T00:00:00,2023-06-01T00:00:00,635,212,WF_W3_20260821
W4,MAHABANK,2020-01-01T00:00:00,2024-06-01T00:00:00,819,273,WF_W4_20260821
W5,MAHABANK,2020-01-01T00:00:00,2025-06-01T00:00:00,1004,335,WF_W5_20260821
W1,MANAPPURAM,2020-01-01T00:00:00,2021-06-01T00:00:00,263,88,WF_W1_20260821
W2,MANAPPURAM,2020-01-01T00:00:00,2022-06-01T00:00:00,450,150,WF_W2_20260821
W3,MANAPPURAM,2020-01-01T00:00:00,2023-06-01T00:00:00,635,212,WF_W3_20260821
W4,MANAPPURAM,2020-01-01T00:00:00,2024-06-01T00:00:00,819,273,WF_W4_20260821
W5,MANAPPURAM,2020-01-01T00:00:00,2025-06-01T00:00:00,1004,335,WF_W5_20260821
W1,MARICO,2020-01-01T00:00:00,2021-06-01T00:00:00,263,88,WF_W1_20260821
W2,MARICO,2020-01-01T00:00:00,2022-06-01T00:00:00,450,150,WF_W2_20260821
W3,MARICO,2020-01-01T00:00:00,2023-06-01T00:00:00,635,212,WF_W3_20260821
W4,MARICO,2020-01-01T00:00:00,2024-06-01T00:00:00,819,273,WF_W4_20260821
W5,MARICO,2020-01-01T00:00:00,2025-06-01T00:00:00,1004,335,WF_W5_20260821
W1,MARUTI,2017-06-01T00:00:00,2021-06-01T00:00:00,740,247,WF_W1_20260821
W2,MARUTI,2017-06-01T00:00:00,2022-06-01T00:00:00,927,310,WF_W2_20260821
W3,MARUTI,2017-06-01T00:00:00,2023-06-01T00:00:00,1113,372,WF_W3_20260821
W4,MARUTI,2017-06-01T00:00:00,2024-06-01T00:00:00,1297,433,WF_W4_20260821
W5,MARUTI,2017-06-01T00:00:00,2025-06-01T00:00:00,1482,495,WF_W5_20260821
W1,MAXHEALTH,2020-08-21T00:00:00,2021-06-01T00:00:00,144,48,WF_W1_20260821
W2,MAXHEALTH,2020-08-21T00:00:00,2022-06-01T00:00:00,330,111,WF_W2_20260821
W3,MAXHEALTH,2020-08-21T00:00:00,2023-06-01T00:00:00,516,172,WF_W3_20260821
W4,MAXHEALTH,2020-08-21T00:00:00,2024-06-01T00:00:00,699,234,WF_W4_20260821
W5,MAXHEALTH,2020-08-21T00:00:00,2025-06-01T00:00:00,885,295,WF_W5_20260821
W1,MAZDOCK,2020-10-12T00:00:00,2021-06-01T00:00:00,117,40,WF_W1_20260821
W2,MAZDOCK,2020-10-12T00:00:00,2022-06-01T00:00:00,304,102,WF_W2_20260821
W3,MAZDOCK,2020-10-12T00:00:00,2023-06-01T00:00:00,489,164,WF_W3_20260821
W4,MAZDOCK,2020-10-12T00:00:00,2024-06-01T00:00:00,673,225,WF_W4_20260821
W5,MAZDOCK,2020-10-12T00:00:00,2025-06-01T00:00:00,858,287,WF_W5_20260821
W1,MFSL,2020-01-01T00:00:00,2021-06-01T00:00:00,263,88,WF_W1_20260821
W2,MFSL,2020-01-01T00:00:00,2022-06-01T00:00:00,450,150,WF_W2_20260821
W3,MFSL,2020-01-01T00:00:00,2023-06-01T00:00:00,635,212,WF_W3_20260821
W4,MFSL,2020-01-01T00:00:00,2024-06-01T00:00:00,819,273,WF_W4_20260821
W5,MFSL,2020-01-01T00:00:00,2025-06-01T00:00:00,1004,335,WF_W5_20260821
W1,MGL,2020-01-01T00:00:00,2021-06-01T00:00:00,263,88,WF_W1_20260821
W2,MGL,2020-01-01T00:00:00,2022-06-01T00:00:00,450,150,WF_W2_20260821
W3,MGL,2020-01-01T00:00:00,2023-06-01T00:00:00,635,212,WF_W3_20260821
W4,MGL,2020-01-01T00:00:00,2024-06-01T00:00:00,819,273,WF_W4_20260821
W5,MGL,2020-01-01T00:00:00,2025-06-01T00:00:00,1004,335,WF_W5_20260821
W1,MPHASIS,2020-01-01T00:00:00,2021-06-01T00:00:00,263,88,WF_W1_20260821
W2,MPHASIS,2020-01-01T00:00:00,2022-06-01T00:00:00,450,150,WF_W2_20260821
W3,MPHASIS,2020-01-01T00:00:00,2023-06-01T00:00:00,635,212,WF_W3_20260821
W4,MPHASIS,2020-01-01T00:00:00,2024-06-01T00:00:00,819,273,WF_W4_20260821
W5,MPHASIS,2020-01-01T00:00:00,2025-06-01T00:00:00,1004,335,WF_W5_20260821
W1,MRF,2020-01-01T00:00:00,2021-06-01T00:00:00,263,88,WF_W1_20260821
W2,MRF,2020-01-01T00:00:00,2022-06-01T00:00:00,450,150,WF_W2_20260821
W3,MRF,2020-01-01T00:00:00,2023-06-01T00:00:00,635,212,WF_W3_20260821
W4,MRF,2020-01-01T00:00:00,2024-06-01T00:00:00,819,273,WF_W4_20260821
W5,MRF,2020-01-01T00:00:00,2025-06-01T00:00:00,1004,335,WF_W5_20260821
W1,MUTHOOTFIN,2020-01-01T00:00:00,2021-06-01T00:00:00,263,88,WF_W1_20260821
W2,MUTHOOTFIN,2020-01-01T00:00:00,2022-06-01T00:00:00,450,150,WF_W2_20260821
W3,MUTHOOTFIN,2020-01-01T00:00:00,2023-06-01T00:00:00,635,212,WF_W3_20260821
W4,MUTHOOTFIN,2020-01-01T00:00:00,2024-06-01T00:00:00,819,273,WF_W4_20260821
W5,MUTHOOTFIN,2020-01-01T00:00:00,2025-06-01T00:00:00,1004,335,WF_W5_20260821
W1,NATIONALUM,2020-01-01T00:00:00,2021-06-01T00:00:00,263,88,WF_W1_20260821
W2,NATIONALUM,2020-01-01T00:00:00,2022-06-01T00:00:00,450,150,WF_W2_20260821
W3,NATIONALUM,2020-01-01T00:00:00,2023-06-01T00:00:00,635,212,WF_W3_20260821
W4,NATIONALUM,2020-01-01T00:00:00,2024-06-01T00:00:00,819,273,WF_W4_20260821
W5,NATIONALUM,2020-01-01T00:00:00,2025-06-01T00:00:00,1004,335,WF_W5_20260821
W1,NAVINFLUOR,2020-01-01T00:00:00,2021-06-01T00:00:00,263,88,WF_W1_20260821
W2,NAVINFLUOR,2020-01-01T00:00:00,2022-06-01T00:00:00,450,150,WF_W2_20260821
W3,NAVINFLUOR,2020-01-01T00:00:00,2023-06-01T00:00:00,635,212,WF_W3_20260821
W4,NAVINFLUOR,2020-01-01T00:00:00,2024-06-01T00:00:00,819,273,WF_W4_20260821
W5,NAVINFLUOR,2020-01-01T00:00:00,2025-06-01T00:00:00,1004,335,WF_W5_20260821
W1,NESTLEIND,2020-01-01T00:00:00,2021-06-01T00:00:00,263,88,WF_W1_20260821
W2,NESTLEIND,2020-01-01T00:00:00,2022-06-01T00:00:00,450,150,WF_W2_20260821
W3,NESTLEIND,2020-01-01T00:00:00,2023-06-01T00:00:00,635,212,WF_W3_20260821
W4,NESTLEIND,2020-01-01T00:00:00,2024-06-01T00:00:00,819,273,WF_W4_20260821
W5,NESTLEIND,2020-01-01T00:00:00,2025-06-01T00:00:00,1004,335,WF_W5_20260821
W1,NHPC,2020-01-01T00:00:00,2021-06-01T00:00:00,263,88,WF_W1_20260821
W2,NHPC,2020-01-01T00:00:00,2022-06-01T00:00:00,450,150,WF_W2_20260821
W3,NHPC,2020-01-01T00:00:00,2023-06-01T00:00:00,635,212,WF_W3_20260821
W4,NHPC,2020-01-01T00:00:00,2024-06-01T00:00:00,819,273,WF_W4_20260821
W5,NHPC,2020-01-01T00:00:00,2025-06-01T00:00:00,1004,335,WF_W5_20260821
W1,NMDC,2020-01-01T00:00:00,2021-06-01T00:00:00,263,88,WF_W1_20260821
W2,NMDC,2020-01-01T00:00:00,2022-06-01T00:00:00,450,150,WF_W2_20260821
W3,NMDC,2020-01-01T00:00:00,2023-06-01T00:00:00,635,212,WF_W3_20260821
W4,NMDC,2020-01-01T00:00:00,2024-06-01T00:00:00,819,273,WF_W4_20260821
W5,NMDC,2020-01-01T00:00:00,2025-06-01T00:00:00,1004,335,WF_W5_20260821
W1,NTPC,2020-01-01T00:00:00,2021-06-01T00:00:00,263,88,WF_W1_20260821
W2,NTPC,2020-01-01T00:00:00,2022-06-01T00:00:00,450,150,WF_W2_20260821
W3,NTPC,2020-01-01T00:00:00,2023-06-01T00:00:00,635,212,WF_W3_20260821
W4,NTPC,2020-01-01T00:00:00,2024-06-01T00:00:00,819,273,WF_W4_20260821
W5,NTPC,2020-01-01T00:00:00,2025-06-01T00:00:00,1004,335,WF_W5_20260821
W3,NYKAA,2021-11-10T00:00:00,2023-06-01T00:00:00,288,97,WF_W3_20260821
W4,NYKAA,2021-11-10T00:00:00,2024-06-01T00:00:00,472,158,WF_W4_20260821
W5,NYKAA,2021-11-10T00:00:00,2025-06-01T00:00:00,657,220,WF_W5_20260821
W1,OBEROIRLTY,2020-01-01T00:00:00,2021-06-01T00:00:00,263,88,WF_W1_20260821
W2,OBEROIRLTY,2020-01-01T00:00:00,2022-06-01T00:00:00,450,150,WF_W2_20260821
W3,OBEROIRLTY,2020-01-01T00:00:00,2023-06-01T00:00:00,635,212,WF_W3_20260821
W4,OBEROIRLTY,2020-01-01T00:00:00,2024-06-01T00:00:00,819,273,WF_W4_20260821
W5,OBEROIRLTY,2020-01-01T00:00:00,2025-06-01T00:00:00,1004,335,WF_W5_20260821
W1,OIL,2020-01-01T00:00:00,2021-06-01T00:00:00,263,88,WF_W1_20260821
W2,OIL,2020-01-01T00:00:00,2022-06-01T00:00:00,450,150,WF_W2_20260821
W3,OIL,2020-01-01T00:00:00,2023-06-01T00:00:00,635,212,WF_W3_20260821
W4,OIL,2020-01-01T00:00:00,2024-06-01T00:00:00,819,273,WF_W4_20260821
W5,OIL,2020-01-01T00:00:00,2025-06-01T00:00:00,1004,335,WF_W5_20260821
W1,ONGC,2020-01-01T00:00:00,2021-06-01T00:00:00,263,88,WF_W1_20260821
W2,ONGC,2020-01-01T00:00:00,2022-06-01T00:00:00,450,150,WF_W2_20260821
W3,ONGC,2020-01-01T00:00:00,2023-06-01T00:00:00,635,212,WF_W3_20260821
W4,ONGC,2020-01-01T00:00:00,2024-06-01T00:00:00,819,273,WF_W4_20260821
W5,ONGC,2020-01-01T00:00:00,2025-06-01T00:00:00,1004,335,WF_W5_20260821
W1,PAGEIND,2020-01-01T00:00:00,2021-06-01T00:00:00,263,88,WF_W1_20260821
W2,PAGEIND,2020-01-01T00:00:00,2022-06-01T00:00:00,450,150,WF_W2_20260821
W3,PAGEIND,2020-01-01T00:00:00,2023-06-01T00:00:00,635,212,WF_W3_20260821
W4,PAGEIND,2020-01-01T00:00:00,2024-06-01T00:00:00,819,273,WF_W4_20260821
W5,PAGEIND,2020-01-01T00:00:00,2025-06-01T00:00:00,1004,335,WF_W5_20260821
W1,PATANJALI,2020-01-01T00:00:00,2021-06-01T00:00:00,263,88,WF_W1_20260821
W2,PATANJALI,2020-01-01T00:00:00,2022-06-01T00:00:00,450,150,WF_W2_20260821
W3,PATANJALI,2020-01-01T00:00:00,2023-06-01T00:00:00,635,212,WF_W3_20260821
W4,PATANJALI,2020-01-01T00:00:00,2024-06-01T00:00:00,819,273,WF_W4_20260821
W5,PATANJALI,2020-01-01T00:00:00,2025-06-01T00:00:00,1004,335,WF_W5_20260821
W3,PAYTM,2021-11-18T00:00:00,2023-06-01T00:00:00,284,95,WF_W3_20260821
W4,PAYTM,2021-11-18T00:00:00,2024-06-01T00:00:00,468,156,WF_W4_20260821
W5,PAYTM,2021-11-18T00:00:00,2025-06-01T00:00:00,653,218,WF_W5_20260821
W1,PERSISTENT,2020-01-01T00:00:00,2021-06-01T00:00:00,263,88,WF_W1_20260821
W2,PERSISTENT,2020-01-01T00:00:00,2022-06-01T00:00:00,450,150,WF_W2_20260821
W3,PERSISTENT,2020-01-01T00:00:00,2023-06-01T00:00:00,635,212,WF_W3_20260821
W4,PERSISTENT,2020-01-01T00:00:00,2024-06-01T00:00:00,819,273,WF_W4_20260821
W5,PERSISTENT,2020-01-01T00:00:00,2025-06-01T00:00:00,1004,335,WF_W5_20260821
W1,PETRONET,2020-01-01T00:00:00,2021-06-01T00:00:00,263,88,WF_W1_20260821
W2,PETRONET,2020-01-01T00:00:00,2022-06-01T00:00:00,450,150,WF_W2_20260821
W3,PETRONET,2020-01-01T00:00:00,2023-06-01T00:00:00,635,212,WF_W3_20260821
W4,PETRONET,2020-01-01T00:00:00,2024-06-01T00:00:00,819,273,WF_W4_20260821
W5,PETRONET,2020-01-01T00:00:00,2025-06-01T00:00:00,1004,335,WF_W5_20260821
W1,PFC,2020-01-01T00:00:00,2021-06-01T00:00:00,263,88,WF_W1_20260821
W2,PFC,2020-01-01T00:00:00,2022-06-01T00:00:00,450,150,WF_W2_20260821
W3,PFC,2020-01-01T00:00:00,2023-06-01T00:00:00,635,212,WF_W3_20260821
W4,PFC,2020-01-01T00:00:00,2024-06-01T00:00:00,819,273,WF_W4_20260821
W5,PFC,2020-01-01T00:00:00,2025-06-01T00:00:00,1004,335,WF_W5_20260821
W1,PHOENIXLTD,2020-01-01T00:00:00,2021-06-01T00:00:00,263,88,WF_W1_20260821
W2,PHOENIXLTD,2020-01-01T00:00:00,2022-06-01T00:00:00,450,150,WF_W2_20260821
W3,PHOENIXLTD,2020-01-01T00:00:00,2023-06-01T00:00:00,635,212,WF_W3_20260821
W4,PHOENIXLTD,2020-01-01T00:00:00,2024-06-01T00:00:00,819,273,WF_W4_20260821
W5,PHOENIXLTD,2020-01-01T00:00:00,2025-06-01T00:00:00,1004,335,WF_W5_20260821
W1,PIDILITIND,2020-01-01T00:00:00,2021-06-01T00:00:00,263,88,WF_W1_20260821
W2,PIDILITIND,2020-01-01T00:00:00,2022-06-01T00:00:00,450,150,WF_W2_20260821
W3,PIDILITIND,2020-01-01T00:00:00,2023-06-01T00:00:00,635,212,WF_W3_20260821
W4,PIDILITIND,2020-01-01T00:00:00,2024-06-01T00:00:00,819,273,WF_W4_20260821
W5,PIDILITIND,2020-01-01T00:00:00,2025-06-01T00:00:00,1004,335,WF_W5_20260821
W1,PIIND,2020-01-01T00:00:00,2021-06-01T00:00:00,263,88,WF_W1_20260821
W2,PIIND,2020-01-01T00:00:00,2022-06-01T00:00:00,450,150,WF_W2_20260821
W3,PIIND,2020-01-01T00:00:00,2023-06-01T00:00:00,635,212,WF_W3_20260821
W4,PIIND,2020-01-01T00:00:00,2024-06-01T00:00:00,819,273,WF_W4_20260821
W5,PIIND,2020-01-01T00:00:00,2025-06-01T00:00:00,1004,335,WF_W5_20260821
W1,PNB,2020-01-01T00:00:00,2021-06-01T00:00:00,263,88,WF_W1_20260821
W2,PNB,2020-01-01T00:00:00,2022-06-01T00:00:00,450,150,WF_W2_20260821
W3,PNB,2020-01-01T00:00:00,2023-06-01T00:00:00,635,212,WF_W3_20260821
W4,PNB,2020-01-01T00:00:00,2024-06-01T00:00:00,819,273,WF_W4_20260821
W5,PNB,2020-01-01T00:00:00,2025-06-01T00:00:00,1004,335,WF_W5_20260821
W1,POLYCAB,2020-01-01T00:00:00,2021-06-01T00:00:00,263,88,WF_W1_20260821
W2,POLYCAB,2020-01-01T00:00:00,2022-06-01T00:00:00,450,150,WF_W2_20260821
W3,POLYCAB,2020-01-01T00:00:00,2023-06-01T00:00:00,635,212,WF_W3_20260821
W4,POLYCAB,2020-01-01T00:00:00,2024-06-01T00:00:00,819,273,WF_W4_20260821
W5,POLYCAB,2020-01-01T00:00:00,2025-06-01T00:00:00,1004,335,WF_W5_20260821
W1,POONAWALLA,2020-01-01T00:00:00,2021-06-01T00:00:00,263,88,WF_W1_20260821
W2,POONAWALLA,2020-01-01T00:00:00,2022-06-01T00:00:00,450,150,WF_W2_20260821
W3,POONAWALLA,2020-01-01T00:00:00,2023-06-01T00:00:00,635,212,WF_W3_20260821
W4,POONAWALLA,2020-01-01T00:00:00,2024-06-01T00:00:00,819,273,WF_W4_20260821
W5,POONAWALLA,2020-01-01T00:00:00,2025-06-01T00:00:00,1004,335,WF_W5_20260821
W1,POWERGRID,2020-01-01T00:00:00,2021-06-01T00:00:00,263,88,WF_W1_20260821
W2,POWERGRID,2020-01-01T00:00:00,2022-06-01T00:00:00,450,150,WF_W2_20260821
W3,POWERGRID,2020-01-01T00:00:00,2023-06-01T00:00:00,635,212,WF_W3_20260821
W4,POWERGRID,2020-01-01T00:00:00,2024-06-01T00:00:00,819,273,WF_W4_20260821
W5,POWERGRID,2020-01-01T00:00:00,2025-06-01T00:00:00,1004,335,WF_W5_20260821
W1,PRESTIGE,2020-01-01T00:00:00,2021-06-01T00:00:00,263,88,WF_W1_20260821
W2,PRESTIGE,2020-01-01T00:00:00,2022-06-01T00:00:00,450,150,WF_W2_20260821
W3,PRESTIGE,2020-01-01T00:00:00,2023-06-01T00:00:00,635,212,WF_W3_20260821
W4,PRESTIGE,2020-01-01T00:00:00,2024-06-01T00:00:00,819,273,WF_W4_20260821
W5,PRESTIGE,2020-01-01T00:00:00,2025-06-01T00:00:00,1004,335,WF_W5_20260821
W1,PVRINOX,2020-01-01T00:00:00,2021-06-01T00:00:00,263,88,WF_W1_20260821
W2,PVRINOX,2020-01-01T00:00:00,2022-06-01T00:00:00,450,150,WF_W2_20260821
W3,PVRINOX,2020-01-01T00:00:00,2023-06-01T00:00:00,635,212,WF_W3_20260821
W4,PVRINOX,2020-01-01T00:00:00,2024-06-01T00:00:00,819,273,WF_W4_20260821
W5,PVRINOX,2020-01-01T00:00:00,2025-06-01T00:00:00,1003,335,WF_W5_20260821
W1,RADICO,2020-01-01T00:00:00,2021-06-01T00:00:00,263,88,WF_W1_20260821
W2,RADICO,2020-01-01T00:00:00,2022-06-01T00:00:00,450,150,WF_W2_20260821
W3,RADICO,2020-01-01T00:00:00,2023-06-01T00:00:00,635,212,WF_W3_20260821
W4,RADICO,2020-01-01T00:00:00,2024-06-01T00:00:00,819,273,WF_W4_20260821
W5,RADICO,2020-01-01T00:00:00,2025-06-01T00:00:00,1004,335,WF_W5_20260821
W1,RECLTD,2020-01-01T00:00:00,2021-06-01T00:00:00,263,88,WF_W1_20260821
W2,RECLTD,2020-01-01T00:00:00,2022-06-01T00:00:00,450,150,WF_W2_20260821
W3,RECLTD,2020-01-01T00:00:00,2023-06-01T00:00:00,635,212,WF_W3_20260821
W4,RECLTD,2020-01-01T00:00:00,2024-06-01T00:00:00,819,273,WF_W4_20260821
W5,RECLTD,2020-01-01T00:00:00,2025-06-01T00:00:00,1004,335,WF_W5_20260821
W1,RELIANCE,2017-06-01T00:00:00,2021-06-01T00:00:00,740,247,WF_W1_20260821
W2,RELIANCE,2017-06-01T00:00:00,2022-06-01T00:00:00,927,310,WF_W2_20260821
W3,RELIANCE,2017-06-01T00:00:00,2023-06-01T00:00:00,1113,372,WF_W3_20260821
W4,RELIANCE,2017-06-01T00:00:00,2024-06-01T00:00:00,1297,433,WF_W4_20260821
W5,RELIANCE,2017-06-01T00:00:00,2025-06-01T00:00:00,1482,495,WF_W5_20260821
W1,RVNL,2020-01-01T00:00:00,2021-06-01T00:00:00,263,88,WF_W1_20260821
W2,RVNL,2020-01-01T00:00:00,2022-06-01T00:00:00,450,150,WF_W2_20260821
W3,RVNL,2020-01-01T00:00:00,2023-06-01T00:00:00,635,212,WF_W3_20260821
W4,RVNL,2020-01-01T00:00:00,2024-06-01T00:00:00,819,273,WF_W4_20260821
W5,RVNL,2020-01-01T00:00:00,2025-06-01T00:00:00,1004,335,WF_W5_20260821
W1,SAIL,2020-01-01T00:00:00,2021-06-01T00:00:00,263,88,WF_W1_20260821
W2,SAIL,2020-01-01T00:00:00,2022-06-01T00:00:00,450,150,WF_W2_20260821
W3,SAIL,2020-01-01T00:00:00,2023-06-01T00:00:00,635,212,WF_W3_20260821
W4,SAIL,2020-01-01T00:00:00,2024-06-01T00:00:00,819,273,WF_W4_20260821
W5,SAIL,2020-01-01T00:00:00,2025-06-01T00:00:00,1004,335,WF_W5_20260821
W1,SBICARD,2020-03-16T00:00:00,2021-06-01T00:00:00,225,75,WF_W1_20260821
W2,SBICARD,2020-03-16T00:00:00,2022-06-01T00:00:00,411,138,WF_W2_20260821
W3,SBICARD,2020-03-16T00:00:00,2023-06-01T00:00:00,597,199,WF_W3_20260821
W4,SBICARD,2020-03-16T00:00:00,2024-06-01T00:00:00,780,261,WF_W4_20260821
W5,SBICARD,2020-03-16T00:00:00,2025-06-01T00:00:00,966,322,WF_W5_20260821
W1,SBILIFE,2020-01-01T00:00:00,2021-06-01T00:00:00,263,88,WF_W1_20260821
W2,SBILIFE,2020-01-01T00:00:00,2022-06-01T00:00:00,450,150,WF_W2_20260821
W3,SBILIFE,2020-01-01T00:00:00,2023-06-01T00:00:00,635,212,WF_W3_20260821
W4,SBILIFE,2020-01-01T00:00:00,2024-06-01T00:00:00,819,273,WF_W4_20260821
W5,SBILIFE,2020-01-01T00:00:00,2025-06-01T00:00:00,1004,335,WF_W5_20260821
W1,SBIN,2017-06-01T00:00:00,2021-06-01T00:00:00,740,247,WF_W1_20260821
W2,SBIN,2017-06-01T00:00:00,2022-06-01T00:00:00,927,310,WF_W2_20260821
W3,SBIN,2017-06-01T00:00:00,2023-06-01T00:00:00,1113,372,WF_W3_20260821
W4,SBIN,2017-06-01T00:00:00,2024-06-01T00:00:00,1297,433,WF_W4_20260821
W5,SBIN,2017-06-01T00:00:00,2025-06-01T00:00:00,1482,495,WF_W5_20260821
W1,SHREECEM,2020-01-01T00:00:00,2021-06-01T00:00:00,263,88,WF_W1_20260821
W2,SHREECEM,2020-01-01T00:00:00,2022-06-01T00:00:00,450,150,WF_W2_20260821
W3,SHREECEM,2020-01-01T00:00:00,2023-06-01T00:00:00,635,212,WF_W3_20260821
W4,SHREECEM,2020-01-01T00:00:00,2024-06-01T00:00:00,819,273,WF_W4_20260821
W5,SHREECEM,2020-01-01T00:00:00,2025-06-01T00:00:00,1004,335,WF_W5_20260821
W1,SHRIRAMFIN,2020-01-01T00:00:00,2021-06-01T00:00:00,263,88,WF_W1_20260821
W2,SHRIRAMFIN,2020-01-01T00:00:00,2022-06-01T00:00:00,450,150,WF_W2_20260821
W3,SHRIRAMFIN,2020-01-01T00:00:00,2023-06-01T00:00:00,635,212,WF_W3_20260821
W4,SHRIRAMFIN,2020-01-01T00:00:00,2024-06-01T00:00:00,819,273,WF_W4_20260821
W5,SHRIRAMFIN,2020-01-01T00:00:00,2025-06-01T00:00:00,1004,335,WF_W5_20260821
W1,SIEMENS,2020-01-01T00:00:00,2021-06-01T00:00:00,263,88,WF_W1_20260821
W2,SIEMENS,2020-01-01T00:00:00,2022-06-01T00:00:00,450,150,WF_W2_20260821
W3,SIEMENS,2020-01-01T00:00:00,2023-06-01T00:00:00,635,212,WF_W3_20260821
W4,SIEMENS,2020-01-01T00:00:00,2024-06-01T00:00:00,819,273,WF_W4_20260821
W5,SIEMENS,2020-01-01T00:00:00,2025-06-01T00:00:00,1004,335,WF_W5_20260821
W1,SJVN,2020-01-01T00:00:00,2021-06-01T00:00:00,263,88,WF_W1_20260821
W2,SJVN,2020-01-01T00:00:00,2022-06-01T00:00:00,450,150,WF_W2_20260821
W3,SJVN,2020-01-01T00:00:00,2023-06-01T00:00:00,635,212,WF_W3_20260821
W4,SJVN,2020-01-01T00:00:00,2024-06-01T00:00:00,819,273,WF_W4_20260821
W5,SJVN,2020-01-01T00:00:00,2025-06-01T00:00:00,1004,335,WF_W5_20260821
W1,SKFINDIA,2020-01-01T00:00:00,2021-06-01T00:00:00,263,88,WF_W1_20260821
W2,SKFINDIA,2020-01-01T00:00:00,2022-06-01T00:00:00,450,150,WF_W2_20260821
W3,SKFINDIA,2020-01-01T00:00:00,2023-06-01T00:00:00,635,212,WF_W3_20260821
W4,SKFINDIA,2020-01-01T00:00:00,2024-06-01T00:00:00,819,273,WF_W4_20260821
W5,SKFINDIA,2020-01-01T00:00:00,2025-06-01T00:00:00,1004,335,WF_W5_20260821
W2,SONACOMS,2021-06-24T00:00:00,2022-06-01T00:00:00,174,58,WF_W2_20260821
W3,SONACOMS,2021-06-24T00:00:00,2023-06-01T00:00:00,359,120,WF_W3_20260821
W4,SONACOMS,2021-06-24T00:00:00,2024-06-01T00:00:00,543,181,WF_W4_20260821
W5,SONACOMS,2021-06-24T00:00:00,2025-06-01T00:00:00,728,243,WF_W5_20260821
W1,SRF,2020-01-01T00:00:00,2021-06-01T00:00:00,263,88,WF_W1_20260821
W2,SRF,2020-01-01T00:00:00,2022-06-01T00:00:00,450,150,WF_W2_20260821
W3,SRF,2020-01-01T00:00:00,2023-06-01T00:00:00,635,212,WF_W3_20260821
W4,SRF,2020-01-01T00:00:00,2024-06-01T00:00:00,819,273,WF_W4_20260821
W5,SRF,2020-01-01T00:00:00,2025-06-01T00:00:00,1004,335,WF_W5_20260821
W1,SUNPHARMA,2017-06-01T00:00:00,2021-06-01T00:00:00,740,247,WF_W1_20260821
W2,SUNPHARMA,2017-06-01T00:00:00,2022-06-01T00:00:00,927,310,WF_W2_20260821
W3,SUNPHARMA,2017-06-01T00:00:00,2023-06-01T00:00:00,1113,372,WF_W3_20260821
W4,SUNPHARMA,2017-06-01T00:00:00,2024-06-01T00:00:00,1297,433,WF_W4_20260821
W5,SUNPHARMA,2017-06-01T00:00:00,2025-06-01T00:00:00,1482,495,WF_W5_20260821
W1,SUNTV,2020-01-01T00:00:00,2021-06-01T00:00:00,263,88,WF_W1_20260821
W2,SUNTV,2020-01-01T00:00:00,2022-06-01T00:00:00,450,150,WF_W2_20260821
W3,SUNTV,2020-01-01T00:00:00,2023-06-01T00:00:00,635,212,WF_W3_20260821
W4,SUNTV,2020-01-01T00:00:00,2024-06-01T00:00:00,819,273,WF_W4_20260821
W5,SUNTV,2020-01-01T00:00:00,2025-06-01T00:00:00,1004,335,WF_W5_20260821
W1,SUPREMEIND,2020-01-01T00:00:00,2021-06-01T00:00:00,263,88,WF_W1_20260821
W2,SUPREMEIND,2020-01-01T00:00:00,2022-06-01T00:00:00,450,150,WF_W2_20260821
W3,SUPREMEIND,2020-01-01T00:00:00,2023-06-01T00:00:00,635,212,WF_W3_20260821
W4,SUPREMEIND,2020-01-01T00:00:00,2024-06-01T00:00:00,819,273,WF_W4_20260821
W5,SUPREMEIND,2020-01-01T00:00:00,2025-06-01T00:00:00,1004,335,WF_W5_20260821
W1,SUZLON,2020-01-01T00:00:00,2021-06-01T00:00:00,263,88,WF_W1_20260821
W2,SUZLON,2020-01-01T00:00:00,2022-06-01T00:00:00,450,150,WF_W2_20260821
W3,SUZLON,2020-01-01T00:00:00,2023-06-01T00:00:00,635,212,WF_W3_20260821
W4,SUZLON,2020-01-01T00:00:00,2024-06-01T00:00:00,819,273,WF_W4_20260821
W5,SUZLON,2020-01-01T00:00:00,2025-06-01T00:00:00,1004,335,WF_W5_20260821
W1,SYNGENE,2020-01-01T00:00:00,2021-06-01T00:00:00,263,88,WF_W1_20260821
W2,SYNGENE,2020-01-01T00:00:00,2022-06-01T00:00:00,450,150,WF_W2_20260821
W3,SYNGENE,2020-01-01T00:00:00,2023-06-01T00:00:00,635,212,WF_W3_20260821
W4,SYNGENE,2020-01-01T00:00:00,2024-06-01T00:00:00,819,273,WF_W4_20260821
W5,SYNGENE,2020-01-01T00:00:00,2025-06-01T00:00:00,1004,335,WF_W5_20260821
W1,TATACOMM,2020-01-01T00:00:00,2021-06-01T00:00:00,263,88,WF_W1_20260821
W2,TATACOMM,2020-01-01T00:00:00,2022-06-01T00:00:00,450,150,WF_W2_20260821
W3,TATACOMM,2020-01-01T00:00:00,2023-06-01T00:00:00,635,212,WF_W3_20260821
W4,TATACOMM,2020-01-01T00:00:00,2024-06-01T00:00:00,819,273,WF_W4_20260821
W5,TATACOMM,2020-01-01T00:00:00,2025-06-01T00:00:00,1004,335,WF_W5_20260821
W1,TATACONSUM,2020-01-01T00:00:00,2021-06-01T00:00:00,263,88,WF_W1_20260821
W2,TATACONSUM,2020-01-01T00:00:00,2022-06-01T00:00:00,450,150,WF_W2_20260821
W3,TATACONSUM,2020-01-01T00:00:00,2023-06-01T00:00:00,635,212,WF_W3_20260821
W4,TATACONSUM,2020-01-01T00:00:00,2024-06-01T00:00:00,819,273,WF_W4_20260821
W5,TATACONSUM,2020-01-01T00:00:00,2025-06-01T00:00:00,1004,335,WF_W5_20260821
W1,TATAELXSI,2020-01-01T00:00:00,2021-06-01T00:00:00,263,88,WF_W1_20260821
W2,TATAELXSI,2020-01-01T00:00:00,2022-06-01T00:00:00,450,150,WF_W2_20260821
W3,TATAELXSI,2020-01-01T00:00:00,2023-06-01T00:00:00,635,212,WF_W3_20260821
W4,TATAELXSI,2020-01-01T00:00:00,2024-06-01T00:00:00,819,273,WF_W4_20260821
W5,TATAELXSI,2020-01-01T00:00:00,2025-06-01T00:00:00,1004,335,WF_W5_20260821
W1,TATAPOWER,2020-01-01T00:00:00,2021-06-01T00:00:00,263,88,WF_W1_20260821
W2,TATAPOWER,2020-01-01T00:00:00,2022-06-01T00:00:00,450,150,WF_W2_20260821
W3,TATAPOWER,2020-01-01T00:00:00,2023-06-01T00:00:00,635,212,WF_W3_20260821
W4,TATAPOWER,2020-01-01T00:00:00,2024-06-01T00:00:00,819,273,WF_W4_20260821
W5,TATAPOWER,2020-01-01T00:00:00,2025-06-01T00:00:00,1004,335,WF_W5_20260821
W1,TATASTEEL,2020-01-01T00:00:00,2021-06-01T00:00:00,263,88,WF_W1_20260821
W2,TATASTEEL,2020-01-01T00:00:00,2022-06-01T00:00:00,450,150,WF_W2_20260821
W3,TATASTEEL,2020-01-01T00:00:00,2023-06-01T00:00:00,635,212,WF_W3_20260821
W4,TATASTEEL,2020-01-01T00:00:00,2024-06-01T00:00:00,819,273,WF_W4_20260821
W5,TATASTEEL,2020-01-01T00:00:00,2025-06-01T00:00:00,1004,335,WF_W5_20260821
W1,TCS,2017-06-01T00:00:00,2021-06-01T00:00:00,740,247,WF_W1_20260821
W2,TCS,2017-06-01T00:00:00,2022-06-01T00:00:00,927,310,WF_W2_20260821
W3,TCS,2017-06-01T00:00:00,2023-06-01T00:00:00,1113,372,WF_W3_20260821
W4,TCS,2017-06-01T00:00:00,2024-06-01T00:00:00,1297,433,WF_W4_20260821
W5,TCS,2017-06-01T00:00:00,2025-06-01T00:00:00,1482,495,WF_W5_20260821
W1,TECHM,2020-01-01T00:00:00,2021-06-01T00:00:00,263,88,WF_W1_20260821
W2,TECHM,2020-01-01T00:00:00,2022-06-01T00:00:00,450,150,WF_W2_20260821
W3,TECHM,2020-01-01T00:00:00,2023-06-01T00:00:00,635,212,WF_W3_20260821
W4,TECHM,2020-01-01T00:00:00,2024-06-01T00:00:00,819,273,WF_W4_20260821
W5,TECHM,2020-01-01T00:00:00,2025-06-01T00:00:00,1004,335,WF_W5_20260821
W1,TIINDIA,2020-01-01T00:00:00,2021-06-01T00:00:00,263,88,WF_W1_20260821
W2,TIINDIA,2020-01-01T00:00:00,2022-06-01T00:00:00,450,150,WF_W2_20260821
W3,TIINDIA,2020-01-01T00:00:00,2023-06-01T00:00:00,635,212,WF_W3_20260821
W4,TIINDIA,2020-01-01T00:00:00,2024-06-01T00:00:00,819,273,WF_W4_20260821
W5,TIINDIA,2020-01-01T00:00:00,2025-06-01T00:00:00,1004,335,WF_W5_20260821
W1,TITAN,2017-06-01T00:00:00,2021-06-01T00:00:00,740,247,WF_W1_20260821
W2,TITAN,2017-06-01T00:00:00,2022-06-01T00:00:00,927,310,WF_W2_20260821
W3,TITAN,2017-06-01T00:00:00,2023-06-01T00:00:00,1113,372,WF_W3_20260821
W4,TITAN,2017-06-01T00:00:00,2024-06-01T00:00:00,1297,433,WF_W4_20260821
W5,TITAN,2017-06-01T00:00:00,2025-06-01T00:00:00,1482,495,WF_W5_20260821
W1,TORNTPHARM,2020-01-01T00:00:00,2021-06-01T00:00:00,263,88,WF_W1_20260821
W2,TORNTPHARM,2020-01-01T00:00:00,2022-06-01T00:00:00,450,150,WF_W2_20260821
W3,TORNTPHARM,2020-01-01T00:00:00,2023-06-01T00:00:00,635,212,WF_W3_20260821
W4,TORNTPHARM,2020-01-01T00:00:00,2024-06-01T00:00:00,819,273,WF_W4_20260821
W5,TORNTPHARM,2020-01-01T00:00:00,2025-06-01T00:00:00,1004,335,WF_W5_20260821
W1,TORNTPOWER,2020-01-01T00:00:00,2021-06-01T00:00:00,263,88,WF_W1_20260821
W2,TORNTPOWER,2020-01-01T00:00:00,2022-06-01T00:00:00,450,150,WF_W2_20260821
W3,TORNTPOWER,2020-01-01T00:00:00,2023-06-01T00:00:00,635,212,WF_W3_20260821
W4,TORNTPOWER,2020-01-01T00:00:00,2024-06-01T00:00:00,819,273,WF_W4_20260821
W5,TORNTPOWER,2020-01-01T00:00:00,2025-06-01T00:00:00,1004,335,WF_W5_20260821
W1,TRENT,2020-01-01T00:00:00,2021-06-01T00:00:00,263,88,WF_W1_20260821
W2,TRENT,2020-01-01T00:00:00,2022-06-01T00:00:00,450,150,WF_W2_20260821
W3,TRENT,2020-01-01T00:00:00,2023-06-01T00:00:00,635,212,WF_W3_20260821
W4,TRENT,2020-01-01T00:00:00,2024-06-01T00:00:00,819,273,WF_W4_20260821
W5,TRENT,2020-01-01T00:00:00,2025-06-01T00:00:00,1004,335,WF_W5_20260821
W1,TRIDENT,2020-01-01T00:00:00,2021-06-01T00:00:00,263,88,WF_W1_20260821
W2,TRIDENT,2020-01-01T00:00:00,2022-06-01T00:00:00,450,150,WF_W2_20260821
W3,TRIDENT,2020-01-01T00:00:00,2023-06-01T00:00:00,635,212,WF_W3_20260821
W4,TRIDENT,2020-01-01T00:00:00,2024-06-01T00:00:00,819,273,WF_W4_20260821
W5,TRIDENT,2020-01-01T00:00:00,2025-06-01T00:00:00,1004,335,WF_W5_20260821
W1,UBL,2020-01-01T00:00:00,2021-06-01T00:00:00,263,88,WF_W1_20260821
W2,UBL,2020-01-01T00:00:00,2022-06-01T00:00:00,450,150,WF_W2_20260821
W3,UBL,2020-01-01T00:00:00,2023-06-01T00:00:00,635,212,WF_W3_20260821
W4,UBL,2020-01-01T00:00:00,2024-06-01T00:00:00,819,273,WF_W4_20260821
W5,UBL,2020-01-01T00:00:00,2025-06-01T00:00:00,1004,335,WF_W5_20260821
W1,UCOBANK,2020-01-01T00:00:00,2021-06-01T00:00:00,263,88,WF_W1_20260821
W2,UCOBANK,2020-01-01T00:00:00,2022-06-01T00:00:00,450,150,WF_W2_20260821
W3,UCOBANK,2020-01-01T00:00:00,2023-06-01T00:00:00,635,212,WF_W3_20260821
W4,UCOBANK,2020-01-01T00:00:00,2024-06-01T00:00:00,819,273,WF_W4_20260821
W5,UCOBANK,2020-01-01T00:00:00,2025-06-01T00:00:00,1004,335,WF_W5_20260821
W1,ULTRACEMCO,2017-06-01T00:00:00,2021-06-01T00:00:00,740,247,WF_W1_20260821
W2,ULTRACEMCO,2017-06-01T00:00:00,2022-06-01T00:00:00,927,310,WF_W2_20260821
W3,ULTRACEMCO,2017-06-01T00:00:00,2023-06-01T00:00:00,1113,372,WF_W3_20260821
W4,ULTRACEMCO,2017-06-01T00:00:00,2024-06-01T00:00:00,1297,433,WF_W4_20260821
W5,ULTRACEMCO,2017-06-01T00:00:00,2025-06-01T00:00:00,1482,495,WF_W5_20260821
W1,UNIONBANK,2020-01-01T00:00:00,2021-06-01T00:00:00,263,88,WF_W1_20260821
W2,UNIONBANK,2020-01-01T00:00:00,2022-06-01T00:00:00,450,150,WF_W2_20260821
W3,UNIONBANK,2020-01-01T00:00:00,2023-06-01T00:00:00,635,212,WF_W3_20260821
W4,UNIONBANK,2020-01-01T00:00:00,2024-06-01T00:00:00,819,273,WF_W4_20260821
W5,UNIONBANK,2020-01-01T00:00:00,2025-06-01T00:00:00,1004,335,WF_W5_20260821
W1,UNITDSPR,2020-01-01T00:00:00,2021-06-01T00:00:00,263,88,WF_W1_20260821
W2,UNITDSPR,2020-01-01T00:00:00,2022-06-01T00:00:00,450,150,WF_W2_20260821
W3,UNITDSPR,2020-01-01T00:00:00,2023-06-01T00:00:00,635,212,WF_W3_20260821
W4,UNITDSPR,2020-01-01T00:00:00,2024-06-01T00:00:00,819,273,WF_W4_20260821
W5,UNITDSPR,2020-01-01T00:00:00,2025-06-01T00:00:00,1004,335,WF_W5_20260821
W1,VBL,2020-01-01T00:00:00,2021-06-01T00:00:00,263,88,WF_W1_20260821
W2,VBL,2020-01-01T00:00:00,2022-06-01T00:00:00,450,150,WF_W2_20260821
W3,VBL,2020-01-01T00:00:00,2023-06-01T00:00:00,635,212,WF_W3_20260821
W4,VBL,2020-01-01T00:00:00,2024-06-01T00:00:00,819,273,WF_W4_20260821
W5,VBL,2020-01-01T00:00:00,2025-06-01T00:00:00,1004,335,WF_W5_20260821
W1,VEDL,2020-01-01T00:00:00,2021-06-01T00:00:00,263,88,WF_W1_20260821
W2,VEDL,2020-01-01T00:00:00,2022-06-01T00:00:00,450,150,WF_W2_20260821
W3,VEDL,2020-01-01T00:00:00,2023-06-01T00:00:00,635,212,WF_W3_20260821
W4,VEDL,2020-01-01T00:00:00,2024-06-01T00:00:00,819,273,WF_W4_20260821
W5,VEDL,2020-01-01T00:00:00,2025-06-01T00:00:00,1004,335,WF_W5_20260821
W1,VOLTAS,2020-01-01T00:00:00,2021-06-01T00:00:00,263,88,WF_W1_20260821
W2,VOLTAS,2020-01-01T00:00:00,2022-06-01T00:00:00,450,150,WF_W2_20260821
W3,VOLTAS,2020-01-01T00:00:00,2023-06-01T00:00:00,635,212,WF_W3_20260821
W4,VOLTAS,2020-01-01T00:00:00,2024-06-01T00:00:00,819,273,WF_W4_20260821
W5,VOLTAS,2020-01-01T00:00:00,2025-06-01T00:00:00,1004,335,WF_W5_20260821
W1,WHIRLPOOL,2020-01-01T00:00:00,2021-06-01T00:00:00,263,88,WF_W1_20260821
W2,WHIRLPOOL,2020-01-01T00:00:00,2022-06-01T00:00:00,450,150,WF_W2_20260821
W3,WHIRLPOOL,2020-01-01T00:00:00,2023-06-01T00:00:00,635,212,WF_W3_20260821
W4,WHIRLPOOL,2020-01-01T00:00:00,2024-06-01T00:00:00,819,273,WF_W4_20260821
W5,WHIRLPOOL,2020-01-01T00:00:00,2025-06-01T00:00:00,1004,335,WF_W5_20260821
W1,WIPRO,2020-01-01T00:00:00,2021-06-01T00:00:00,263,88,WF_W1_20260821
W2,WIPRO,2020-01-01T00:00:00,2022-06-01T00:00:00,450,150,WF_W2_20260821
W3,WIPRO,2020-01-01T00:00:00,2023-06-01T00:00:00,635,212,WF_W3_20260821
W4,WIPRO,2020-01-01T00:00:00,2024-06-01T00:00:00,819,273,WF_W4_20260821
W5,WIPRO,2020-01-01T00:00:00,2025-06-01T00:00:00,1004,335,WF_W5_20260821
W1,YESBANK,2020-01-01T00:00:00,2021-06-01T00:00:00,263,88,WF_W1_20260821
W2,YESBANK,2020-01-01T00:00:00,2022-06-01T00:00:00,450,150,WF_W2_20260821
W3,YESBANK,2020-01-01T00:00:00,2023-06-01T00:00:00,635,212,WF_W3_20260821
W4,YESBANK,2020-01-01T00:00:00,2024-06-01T00:00:00,819,273,WF_W4_20260821
W5,YESBANK,2020-01-01T00:00:00,2025-06-01T00:00:00,1004,335,WF_W5_20260821
W2,ZOMATO,2021-07-23T00:00:00,2022-06-01T00:00:00,159,53,WF_W2_20260821
W3,ZOMATO,2021-07-23T00:00:00,2023-06-01T00:00:00,344,115,WF_W3_20260821
W4,ZOMATO,2021-07-23T00:00:00,2024-06-01T00:00:00,528,176,WF_W4_20260821
W5,ZOMATO,2021-07-23T00:00:00,2025-06-01T00:00:00,713,238,WF_W5_20260821
W1,ZYDUSLIFE,2020-01-01T00:00:00,2021-06-01T00:00:00,263,88,WF_W1_20260821
W2,ZYDUSLIFE,2020-01-01T00:00:00,2022-06-01T00:00:00,450,150,WF_W2_20260821
W3,ZYDUSLIFE,2020-01-01T00:00:00,2023-06-01T00:00:00,635,212,WF_W3_20260821
W4,ZYDUSLIFE,2020-01-01T00:00:00,2024-06-01T00:00:00,819,273,WF_W4_20260821
W5,ZYDUSLIFE,2020-01-01T00:00:00,2025-06-01T00:00:00,1004,335,WF_W5_20260821
