symbol,prediction_count,earliest_prediction,latest_prediction,coverage_pct
RELIANCE,2119,2026-05-01 00:00:00.000000,2026-09-10 11:20:57.169486,100.0
ACC,1300,2026-03-16 00:00:00.000000,2026-09-15 05:26:55.130913,100.0
TCS,936,2026-09-09 06:42:22.231108,2026-09-10 08:08:19.251145,100.0
INFY,364,2026-09-09 06:28:10.713437,2026-09-11 10:26:36.436680,72.8
ICICIBANK,249,2026-06-12 07:46:32.639924,2026-09-11 10:25:48.813582,49.8
ZYDUSLIFE,241,2026-04-21 00:00:00.000000,2026-09-11 09:21:21.637111,48.2
ADANIPORTS,147,2026-04-09 00:00:00.000000,2026-09-15 05:31:49.064604,29.4
ADANIPOWER,144,2026-09-09 11:02:00.220304,2026-09-15 05:31:53.216085,28.8
DELHIVERY,134,2026-03-16 00:00:00.000000,2026-09-11 10:23:47.947318,26.8
HEROMOTOCO,124,2026-09-09 08:51:28.870608,2026-09-11 10:25:20.209588,24.8
COALINDIA,105,2026-09-09 11:01:00.662330,2026-09-15 05:33:57.048341,21.0
UBL,89,2026-09-09 05:55:33.181070,2026-09-10 04:59:22.265609,17.8
HDFCBANK,62,2026-09-09 05:57:43.789709,2026-09-11 10:25:11.859838,12.4
ADANIENT,45,2026-09-09 05:57:14.838469,2026-09-15 05:31:40.733102,9.0
BPCL,36,2026-09-09 11:00:52.230069,2026-09-15 05:30:00.234939,7.2
AXISBANK,31,2026-09-09 05:58:27.435042,2026-09-15 05:28:25.461172,6.2
APOLLOTYRE,31,2026-09-09 00:00:00.000000,2026-09-15 05:27:38.878974,6.2
BIOCON,28,2026-09-09 05:55:25.962754,2026-09-15 05:33:20.633870,5.6
DALBHARAT,28,2026-09-09 11:02:39.480512,2026-09-15 05:31:25.097911,5.6
BALKRISIND,28,2026-09-09 05:56:02.187518,2026-09-15 05:32:47.301120,5.6
ATGL,28,2026-09-10 05:19:24.569353,2026-09-15 05:32:17.226303,5.6
AMBUJACEM,28,2026-09-09 08:50:33.557617,2026-09-15 05:27:25.347241,5.6
UCOBANK,28,2026-09-09 05:59:18.496943,2026-09-11 09:21:31.147808,5.6
BHARATFORG,27,2026-09-09 11:01:11.157481,2026-09-15 05:33:10.198390,5.4
BOSCHLTD,26,2026-09-09 06:01:36.743851,2026-09-15 05:33:27.891710,5.2
CANFINHOME,26,2026-09-09 00:00:00.000000,2026-09-15 05:30:14.781108,5.2
BERGEPAINT,25,2026-09-09 06:01:05.105813,2026-09-15 05:29:18.598111,5.0
CONCOR,25,2026-09-09 11:02:16.826622,2026-09-15 05:34:07.453587,5.0
CROMPTON,25,2026-09-09 08:51:05.896665,2026-09-15 05:34:14.720219,5.0
ASTRAL,25,2026-09-09 05:57:07.589110,2026-09-15 05:32:12.055806,5.0
CGPOWER,25,2026-09-09 06:03:04.422513,2026-09-15 05:33:40.406626,5.0
BAJAJ-AUTO,24,2026-09-09 08:50:47.540736,2026-09-15 05:32:29.633879,4.8
ABB,24,2026-09-10 05:18:09.719147,2026-09-15 05:31:29.271853,4.8
ADANIENSOL,23,2026-09-09 06:02:56.525263,2026-09-15 05:31:36.567376,4.6
APOLLOHOSP,23,2026-09-09 06:01:20.644666,2026-09-15 05:31:59.505697,4.6
ADANIGREEN,23,2026-09-09 11:02:29.815507,2026-09-15 05:31:44.903204,4.6
NTPC,23,2026-09-09 05:57:36.526698,2026-09-11 10:29:08.341523,4.6
CIPLA,23,2026-09-09 05:57:22.072733,2026-09-15 05:30:36.774151,4.6
CUMMINSIND,23,2026-09-09 11:01:06.446216,2026-09-15 05:34:19.897014,4.6
BAJFINANCE,23,2026-09-09 11:01:53.966970,2026-09-15 05:32:43.134427,4.6
BEL,23,2026-09-09 05:58:12.935494,2026-09-15 05:29:14.453772,4.6
BLUEDART,22,2026-09-09 11:00:34.737406,2026-09-15 05:29:51.892494,4.4
BRITANNIA,22,2026-09-09 05:56:16.888487,2026-09-15 05:30:04.402765,4.4
ASHOKLEY,22,2026-09-09 05:59:32.821739,2026-09-15 05:32:05.810048,4.4
BHARTIARTL,22,2026-09-09 11:01:34.474975,2026-09-15 05:29:33.174647,4.4
CHAMBLFERT,22,2026-09-09 11:01:22.831827,2026-09-15 05:33:44.586549,4.4
AUROPHARMA,21,2026-09-10 05:19:30.886014,2026-09-15 05:32:22.403693,4.2
BHEL,21,2026-09-09 05:55:04.202227,2026-09-15 05:33:16.437721,4.2
BANKINDIA,21,2026-09-09 06:02:40.746840,2026-09-15 05:32:59.780172,4.2
ASIANPAINT,21,2026-09-09 11:00:47.608299,2026-09-15 05:27:52.432462,4.2
BANDHANBNK,21,2026-09-09 11:01:48.132743,2026-09-15 05:32:52.483316,4.2
BAJAJFINSV,21,2026-09-10 05:19:49.363274,2026-09-15 05:32:34.786601,4.2
BAJAJHLDNG,21,2026-09-10 05:19:55.501032,2026-09-15 05:32:38.970821,4.2
COROMANDEL,20,2026-09-09 06:03:12.361146,2026-09-15 05:31:03.871501,4.0
BATAINDIA,20,2026-09-09 06:03:58.969053,2026-09-15 05:29:09.253148,4.0
CHOLAFIN,20,2026-09-10 05:05:21.855744,2026-09-15 05:33:50.787176,4.0
YESBANK,20,2026-09-09 08:50:30.082853,2026-09-11 09:20:52.809624,4.0
BANKBARODA,20,2026-09-09 06:01:13.032121,2026-09-15 05:28:59.903877,4.0
COFORGE,18,2026-09-10 05:22:24.031192,2026-09-15 05:34:01.201094,3.6
CANBK,18,2026-09-09 05:56:53.115553,2026-09-15 05:30:09.593165,3.6
COLPAL,18,2026-09-09 08:51:01.284183,2026-09-15 05:30:54.533151,3.6
IRFC,18,2026-09-09 08:52:11.612389,2026-09-11 10:26:52.086467,3.6
DABUR,17,2026-09-09 11:02:04.865678,2026-09-15 05:31:20.933230,3.4
ZOMATO,13,2026-09-09 07:43:01.810867,2026-09-11 10:12:22.778840,2.6
ESCORTS,12,2026-09-09 08:51:19.666888,2026-09-11 10:24:12.543394,2.4
KARURVYSYA,11,2026-09-09 06:00:33.982988,2026-09-11 10:27:25.633952,2.2
KEI,11,2026-09-09 08:52:34.611302,2026-09-11 10:27:30.454160,2.2
JINDALSTEL,10,2026-09-09 08:52:20.793164,2026-09-11 10:27:01.652423,2.0
HCLTECH,10,2026-09-09 08:51:41.536686,2026-09-11 10:25:07.093095,2.0
HINDCOPPER,10,2026-09-09 08:51:46.278145,2026-09-11 10:25:28.579817,2.0
HAL,10,2026-09-09 08:51:36.945040,2026-09-11 10:24:58.693214,2.0
DEEPAKNTR,8,2026-09-09 00:00:00.000000,2026-09-11 10:23:42.994116,1.6
GMRINFRA,8,2026-09-09 06:03:20.162864,2026-09-11 10:24:40.709757,1.6
HINDZINC,7,2026-09-09 08:53:50.796217,2026-09-11 10:25:40.473557,1.4
INDIANB,7,2026-09-09 05:55:18.712517,2026-09-11 10:26:21.037513,1.4
GLENMARK,6,2026-09-09 08:51:32.341679,2026-09-11 10:24:35.889671,1.2
UNIONBANK,6,2026-09-09 08:54:18.423837,2026-09-09 11:12:39.285572,1.2
IDBI,6,2026-09-09 08:51:55.442495,2026-09-11 10:26:02.019192,1.2
EXIDEIND,6,2026-09-09 05:56:45.874896,2026-09-11 10:24:19.063720,1.2
ICICIGI,5,2026-09-09 08:51:50.874200,2026-09-11 10:25:53.600206,1.0
MAXHEALTH,5,2026-09-09 05:55:40.425612,2026-09-11 10:28:24.145308,1.0
GODREJPROP,5,2026-09-09 11:02:34.448017,2026-09-11 10:24:49.212733,1.0
PHOENIXLTD,5,2026-09-09 08:53:02.451374,2026-09-09 11:18:56.166126,1.0
TIINDIA,5,2026-09-09 06:04:21.799515,2026-09-10 04:51:04.170500,1.0
GAIL,5,2026-09-09 05:58:05.719738,2026-09-11 10:24:31.082365,1.0
DIVISLAB,5,2026-09-10 05:03:41.005025,2026-09-11 10:23:52.893276,1.0
SHRIRAMFIN,4,2026-09-09 05:59:49.768559,2026-09-09 08:53:33.398243,0.8
TATACONSUM,4,2026-09-09 08:53:55.384228,2026-09-09 11:12:05.212607,0.8
SBICARD,4,2026-09-09 08:53:25.445013,2026-09-09 11:11:51.504792,0.8
ITC,4,2026-09-09 08:52:16.203302,2026-09-11 10:26:56.883831,0.8
JSWENERGY,4,2026-09-09 08:52:25.385249,2026-09-11 10:27:06.452427,0.8
PIIND,3,2026-09-09 06:02:16.544617,2026-09-09 08:53:07.025579,0.6
MARICO,3,2026-09-09 06:16:52.638781,2026-09-11 10:28:15.702857,0.6
ULTRACEMCO,3,2026-09-09 06:04:29.370494,2026-09-09 08:54:13.835126,0.6
SAIL,3,2026-09-09 06:01:44.561760,2026-09-09 08:53:20.855495,0.6
MGL,2,2026-09-09 06:00:26.389977,2026-09-09 06:13:00.014525,0.4
TATACOMM,2,2026-09-09 06:01:28.285989,2026-09-09 06:13:58.599905,0.4
ICICIPRULI,2,2026-09-09 06:01:52.348608,2026-09-09 06:14:20.313409,0.4
PETRONET,2,2026-09-09 06:02:00.670103,2026-09-09 06:14:27.550974,0.4
SBILIFE,2,2026-09-09 06:00:12.442771,2026-09-09 06:12:46.764028,0.4
LT,2,2026-09-09 06:02:24.960144,2026-09-09 06:14:49.337561,0.4
FORTIS,2,2026-09-09 06:02:32.915762,2026-09-09 06:14:56.598062,0.4
LICI,2,2026-09-09 06:02:48.573674,2026-09-09 06:15:11.026722,0.4
PEL,2,2026-09-09 05:59:57.350342,2026-09-09 06:12:32.427727,0.4
PAYTM,2,2026-09-09 06:00:04.890035,2026-09-09 06:12:39.610564,0.4
IGL,2,2026-09-09 06:03:28.048291,2026-09-09 06:15:47.280704,0.4
MFSL,2,2026-09-09 06:03:35.910929,2026-09-09 06:15:54.552402,0.4
TRENT,2,2026-09-09 05:59:42.170127,2026-09-09 06:12:17.787684,0.4
TITAN,2,2026-09-09 06:03:51.394313,2026-09-09 06:16:09.056491,0.4
DIXON,2,2026-09-09 06:04:06.621247,2026-09-09 06:16:23.616728,0.4
NAVINFLUOR,2,2026-09-09 06:04:14.254004,2026-09-09 06:16:30.863220,0.4
INDUSTOWER,2,2026-09-09 05:59:25.681837,2026-09-09 06:12:01.209550,0.4
FEDERALBNK,2,2026-09-09 05:59:03.430515,2026-09-09 06:11:38.751607,0.4
WHIRLPOOL,2,2026-09-09 05:58:41.879168,2026-09-09 06:11:17.161576,0.4
NATIONALUM,2,2026-09-09 05:58:49.143230,2026-09-09 06:11:24.361726,0.4
EICHERMOT,2,2026-09-09 05:58:56.283744,2026-09-09 06:11:31.548483,0.4
PFC,2,2026-09-09 05:54:56.714932,2026-09-09 06:07:35.071786,0.4
M&M,2,2026-09-09 05:58:20.215270,2026-09-09 06:10:55.318336,0.4
NESTLEIND,2,2026-09-09 05:57:58.251634,2026-09-09 06:10:33.753785,0.4
HINDALCO,2,2026-09-09 05:57:51.037944,2026-09-09 06:10:26.594295,0.4
SKFINDIA,2,2026-09-09 05:57:29.298709,2026-09-09 06:10:04.989237,0.4
IRB,2,2026-09-09 05:57:00.357995,2026-09-09 06:09:36.501924,0.4
MAZDOCK,2,2026-09-09 05:56:31.428640,2026-09-09 06:09:07.938116,0.4
KALYANKJIL,2,2026-09-09 05:56:38.661672,2026-09-09 06:09:15.022699,0.4
SONACOMS,2,2026-09-09 05:56:24.191614,2026-09-09 06:09:00.767983,0.4
HINDPETRO,2,2026-09-09 05:56:09.506688,2026-09-09 06:08:46.498779,0.4
IDFCFIRSTB,2,2026-09-09 05:55:47.767429,2026-09-09 06:08:25.065654,0.4
GODREJCP,2,2026-09-09 05:55:54.963186,2026-09-09 06:08:32.245706,0.4
HDFCLIFE,2,2026-09-09 05:54:48.798182,2026-09-09 06:07:27.620167,0.4
TATASTEEL,2,2026-09-09 05:55:11.430147,2026-09-09 06:07:49.215412,0.4
TRIDENT,2,2026-09-09 06:00:49.064225,2026-09-09 06:13:21.648478,0.4
L&TFH,2,2026-09-09 06:00:41.533246,2026-09-09 06:13:14.342200,0.4
HAVELLS,2,2026-09-09 06:00:57.025723,2026-09-09 06:13:28.865155,0.4
OBEROIRLTY,1,2026-09-09 08:52:53.268039,2026-09-09 08:52:53.268039,0.2
SJVN,1,2026-09-09 08:53:41.343270,2026-09-09 08:53:41.343270,0.2
SUZLON,1,2026-09-09 08:53:45.934726,2026-09-09 08:53:45.934726,0.2
NYKAA,1,2026-09-09 08:52:48.675164,2026-09-09 08:52:48.675164,0.2
PRESTIGE,1,2026-09-09 08:53:11.614704,2026-09-09 08:53:11.614704,0.2
PVRINOX,1,2026-09-09 08:53:16.236820,2026-09-09 08:53:16.236820,0.2
ONGC,1,2026-09-09 08:52:57.858565,2026-09-09 08:52:57.858565,0.2
INDHOTEL,1,2026-09-09 06:16:59.882340,2026-09-09 06:16:59.882340,0.2
PAGEIND,1,2026-09-09 06:17:07.143412,2026-09-09 06:17:07.143412,0.2
