symbol,membership_status,historical_bar_count,model_status,model_id,signal_count,rejection_reason
ABB,MEMBER,987,AVAILABLE,202608180605,0,N/A
ACC,MEMBER,989,AVAILABLE,202608180605,0,N/A
ADANIENSOL,MEMBER,987,AVAILABLE,202608180605,0,N/A
ADANIENT,MEMBER,993,AVAILABLE,202608180605,2,N/A
ADANIGREEN,MEMBER,990,AVAILABLE,202608180605,0,N/A
ADANIPORTS,MEMBER,989,AVAILABLE,202608180605,0,N/A
ADANIPOWER,MEMBER,990,AVAILABLE,202608180605,0,N/A
AMBUJACEM,MEMBER,252,AVAILABLE,202608180605,0,N/A
APOLLOHOSP,MEMBER,988,AVAILABLE,202608180605,0,N/A
APOLLOTYRE,MEMBER,249,AVAILABLE,202608180605,0,N/A
ASHOKLEY,MEMBER,252,AVAILABLE,202608180605,0,N/A
ASIANPAINT,MEMBER,990,AVAILABLE,202608180605,0,N/A
ASTRAL,MEMBER,250,AVAILABLE,202608180605,0,N/A
ATGL,MEMBER,987,AVAILABLE,202608180605,0,N/A
AUROPHARMA,MEMBER,987,AVAILABLE,202608180605,0,N/A
AXISBANK,MEMBER,991,AVAILABLE,202609091046,0,N/A
BAJAJ-AUTO,MEMBER,249,AVAILABLE,202609090842,0,N/A
BAJAJFINSV,MEMBER,987,AVAILABLE,202609091048,0,N/A
BAJAJHLDNG,MEMBER,988,AVAILABLE,202609091049,0,N/A
BAJFINANCE,MEMBER,990,AVAILABLE,202609091048,0,N/A
BALKRISIND,MEMBER,988,AVAILABLE,202609091046,0,N/A
BANDHANBNK,MEMBER,990,AVAILABLE,202609091048,0,N/A
BANKBARODA,MEMBER,987,AVAILABLE,202609091046,0,N/A
BANKINDIA,MEMBER,987,AVAILABLE,202609091046,0,N/A
BATAINDIA,MEMBER,990,AVAILABLE,202609091047,0,N/A
BEL,MEMBER,249,AVAILABLE,202608180605,0,N/A
BERGEPAINT,MEMBER,989,AVAILABLE,202609091046,0,N/A
BHARATFORG,MEMBER,989,AVAILABLE,202609091048,0,N/A
BHARTIARTL,MEMBER,990,AVAILABLE,202609091048,0,N/A
BHEL,MEMBER,987,AVAILABLE,202609091045,0,N/A
BIOCON,MEMBER,987,AVAILABLE,202609091045,0,N/A
BLUEDART,MEMBER,989,AVAILABLE,202609091047,0,N/A
BOSCHLTD,MEMBER,251,AVAILABLE,202608180605,0,N/A
BPCL,MEMBER,993,AVAILABLE,202609091047,2,N/A
BRITANNIA,MEMBER,990,AVAILABLE,202609091046,0,N/A
CANBK,MEMBER,990,AVAILABLE,202609091046,0,N/A
CANFINHOME,MEMBER,249,AVAILABLE,202608180605,0,N/A
CGPOWER,MEMBER,990,AVAILABLE,202609091046,0,N/A
CHAMBLFERT,MEMBER,989,AVAILABLE,202609091048,0,N/A
CHOLAFIN,MEMBER,987,AVAILABLE,202609091048,0,N/A
CIPLA,MEMBER,989,AVAILABLE,202608180605,0,N/A
COALINDIA,MEMBER,993,AVAILABLE,202609091048,2,N/A
COFORGE,MEMBER,987,AVAILABLE,202609091048,0,N/A
COLPAL,MEMBER,252,AVAILABLE,202608180605,0,N/A
CONCOR,MEMBER,990,AVAILABLE,202609091049,0,N/A
COROMANDEL,MEMBER,990,AVAILABLE,202608180605,0,N/A
CROMPTON,MEMBER,249,AVAILABLE,202608180605,0,N/A
CUMMINSIND,MEMBER,989,AVAILABLE,202609091048,0,N/A
DABUR,MEMBER,990,AVAILABLE,202609091049,0,N/A
DALBHARAT,MEMBER,990,AVAILABLE,202609091049,0,N/A
DEEPAKNTR,MEMBER,249,AVAILABLE,202608180605,0,N/A
DELHIVERY,MEMBER,251,AVAILABLE,202608180605,0,N/A
DIVISLAB,MEMBER,987,AVAILABLE,202608180605,0,N/A
DIXON,MEMBER,249,AVAILABLE,202608180605,0,N/A
DLF,MEMBER,249,AVAILABLE,202608180605,0,N/A
DRREDDY,MEMBER,252,AVAILABLE,202608180605,0,N/A
EICHERMOT,MEMBER,249,AVAILABLE,202608180605,0,N/A
ESCORTS,MEMBER,989,AVAILABLE,202608180605,0,N/A
EXIDEIND,MEMBER,987,AVAILABLE,202608180605,0,N/A
FEDERALBNK,MEMBER,249,AVAILABLE,202608180606,0,N/A
FORTIS,MEMBER,249,AVAILABLE,202608180606,0,N/A
GAIL,MEMBER,987,AVAILABLE,202608180606,0,N/A
GLENMARK,MEMBER,250,AVAILABLE,202608180606,0,N/A
GMRINFRA,MEMBER,990,AVAILABLE,202608211359,0,N/A
GODREJCP,MEMBER,252,AVAILABLE,202608180606,0,N/A
GODREJPROP,MEMBER,990,AVAILABLE,202609091049,0,N/A
GRASIM,MEMBER,249,AVAILABLE,202608180606,0,N/A
GUJGASLTD,MEMBER,0,INSUFFICIENT_DATA,N/A,0,INSUFFICIENT_HISTORY
HAL,MEMBER,989,AVAILABLE,202608180606,0,N/A
HAVELLS,MEMBER,251,AVAILABLE,202608180606,0,N/A
HCLTECH,MEMBER,990,AVAILABLE,202608180606,0,N/A
HDFCBANK,MEMBER,249,AVAILABLE,202609090640,0,N/A
HDFCLIFE,MEMBER,249,AVAILABLE,202608180606,0,N/A
HEROMOTOCO,MEMBER,990,AVAILABLE,202608180606,0,N/A
HINDALCO,MEMBER,251,AVAILABLE,202608180606,0,N/A
HINDCOPPER,MEMBER,990,AVAILABLE,202608180606,0,N/A
HINDPETRO,MEMBER,249,AVAILABLE,202608180606,0,N/A
HINDUNILVR,MEMBER,251,AVAILABLE,202608180606,0,N/A
HINDZINC,MEMBER,990,AVAILABLE,202608180606,0,N/A
HUDCO,MEMBER,252,AVAILABLE,202608180606,0,N/A
ICICIBANK,MEMBER,990,AVAILABLE,202609090640,0,N/A
ICICIGI,MEMBER,987,AVAILABLE,202608180606,0,N/A
ICICIPRULI,MEMBER,251,AVAILABLE,202608180606,0,N/A
IDBI,MEMBER,987,AVAILABLE,202608180606,0,N/A
IDFCFIRSTB,MEMBER,252,AVAILABLE,202608180606,0,N/A
IGL,MEMBER,249,AVAILABLE,202608180606,0,N/A
INDHOTEL,MEMBER,252,AVAILABLE,202608180606,0,N/A
INDIAMART,MEMBER,249,AVAILABLE,202608180606,0,N/A
INDIANB,MEMBER,987,AVAILABLE,202608180606,0,N/A
INDIGO,MEMBER,250,AVAILABLE,202608180606,0,N/A
INDUSINDBK,MEMBER,252,AVAILABLE,202608180606,0,N/A
INDUSTOWER,MEMBER,252,AVAILABLE,202608180606,0,N/A
INFY,MEMBER,993,AVAILABLE,202609090640,0,N/A
IOC,MEMBER,249,AVAILABLE,202608180606,0,N/A
IRB,MEMBER,252,AVAILABLE,202608180606,0,N/A
IRCTC,MEMBER,249,AVAILABLE,202608180606,0,N/A
IRFC,MEMBER,989,AVAILABLE,202608180606,0,N/A
ITC,MEMBER,987,AVAILABLE,202608180606,0,N/A
JINDALSTEL,MEMBER,989,AVAILABLE,202608180606,0,N/A
JSWENERGY,MEMBER,987,AVAILABLE,202608180606,0,N/A
JSWSTEEL,MEMBER,249,AVAILABLE,202608180606,0,N/A
JUBLFOOD,MEMBER,249,AVAILABLE,202608180606,0,N/A
KALYANKJIL,MEMBER,249,AVAILABLE,202608180606,0,N/A
KANSAINER,MEMBER,249,AVAILABLE,202608180606,0,N/A
KARURVYSYA,MEMBER,989,AVAILABLE,202608180606,0,N/A
KEI,MEMBER,990,AVAILABLE,202608180606,0,N/A
KOTAKBANK,MEMBER,252,AVAILABLE,202608180606,0,N/A
KPITTECH,MEMBER,252,AVAILABLE,202608180606,0,N/A
L&TFH,MEMBER,249,AVAILABLE,202608211359,0,N/A
LICHSGFIN,MEMBER,251,AVAILABLE,202608180606,0,N/A
LICI,MEMBER,252,AVAILABLE,202608180606,0,N/A
LT,MEMBER,249,AVAILABLE,202608180606,0,N/A
LTIM,MEMBER,0,INSUFFICIENT_DATA,N/A,0,INSUFFICIENT_HISTORY
LUPIN,MEMBER,249,AVAILABLE,202608180606,0,N/A
M&M,MEMBER,252,AVAILABLE,202608180606,0,N/A
M&MFIN,MEMBER,252,AVAILABLE,202608180606,0,N/A
MAHABANK,MEMBER,252,AVAILABLE,202608180606,0,N/A
MANAPPURAM,MEMBER,252,AVAILABLE,202608180606,0,N/A
MARICO,MEMBER,987,AVAILABLE,202608180606,0,N/A
MARUTI,MEMBER,252,AVAILABLE,202608180606,0,N/A
MAXHEALTH,MEMBER,987,AVAILABLE,202608180606,0,N/A
MAZDOCK,MEMBER,251,AVAILABLE,202608180606,0,N/A
MFSL,MEMBER,249,AVAILABLE,202608180606,0,N/A
MGL,MEMBER,249,AVAILABLE,202608180606,0,N/A
MPHASIS,MEMBER,251,AVAILABLE,202608180606,0,N/A
MRF,MEMBER,249,AVAILABLE,202608180606,0,N/A
MUTHOOTFIN,MEMBER,252,AVAILABLE,202608180606,0,N/A
NATIONALUM,MEMBER,252,AVAILABLE,202608180606,0,N/A
NAVINFLUOR,MEMBER,251,AVAILABLE,202608180606,0,N/A
NESTLEIND,MEMBER,252,AVAILABLE,202608180606,0,N/A
NHPC,MEMBER,249,AVAILABLE,202608180606,0,N/A
NMDC,MEMBER,249,AVAILABLE,202608180606,0,N/A
NTPC,MEMBER,991,AVAILABLE,202608180606,2,N/A
NYKAA,MEMBER,946,AVAILABLE,202608180606,0,N/A
OBEROIRLTY,MEMBER,987,AVAILABLE,202608180606,0,N/A
OIL,MEMBER,249,AVAILABLE,202608180606,0,N/A
ONGC,MEMBER,987,AVAILABLE,202608180606,0,N/A
PAGEIND,MEMBER,250,AVAILABLE,202608180606,0,N/A
PATANJALI,MEMBER,252,AVAILABLE,202608180606,0,N/A
PAYTM,MEMBER,251,AVAILABLE,202608180606,0,N/A
PEL,MEMBER,211,AVAILABLE,202608211359,0,N/A
PERSISTENT,MEMBER,252,AVAILABLE,202608180606,0,N/A
PETRONET,MEMBER,251,AVAILABLE,202608180606,0,N/A
PFC,MEMBER,252,AVAILABLE,202608180606,0,N/A
PHOENIXLTD,MEMBER,987,AVAILABLE,202608180606,0,N/A
PIDILITIND,MEMBER,252,AVAILABLE,202608180606,0,N/A
PIIND,MEMBER,987,AVAILABLE,202608180606,0,N/A
PNB,MEMBER,249,AVAILABLE,202608180606,0,N/A
POLYCAB,MEMBER,252,AVAILABLE,202608180606,0,N/A
POONAWALLA,MEMBER,249,AVAILABLE,202608180606,0,N/A
POWERGRID,MEMBER,249,AVAILABLE,202608180606,0,N/A
PRESTIGE,MEMBER,987,AVAILABLE,202608180606,0,N/A
PVRINOX,MEMBER,986,AVAILABLE,202608180606,0,N/A
RADICO,MEMBER,251,AVAILABLE,202608180606,0,N/A
RECLTD,MEMBER,249,AVAILABLE,202608180606,0,N/A
RELIANCE,MEMBER,990,AVAILABLE,202609090639,0,N/A
RVNL,MEMBER,251,AVAILABLE,202608180606,0,N/A
SAIL,MEMBER,987,AVAILABLE,202608180606,0,N/A
SBICARD,MEMBER,989,AVAILABLE,202608180606,0,N/A
SBILIFE,MEMBER,249,AVAILABLE,202608180606,0,N/A
SBIN,MEMBER,252,AVAILABLE,202608180606,0,N/A
SHREECEM,MEMBER,249,AVAILABLE,202608180606,0,N/A
SHRIRAMFIN,MEMBER,987,AVAILABLE,202608180606,0,N/A
SIEMENS,MEMBER,251,AVAILABLE,202608180607,0,N/A
SJVN,MEMBER,987,AVAILABLE,202608180607,0,N/A
SKFINDIA,MEMBER,252,AVAILABLE,202608180607,0,N/A
SONACOMS,MEMBER,249,AVAILABLE,202608180607,0,N/A
SRF,MEMBER,249,AVAILABLE,202608180607,0,N/A
SUNPHARMA,MEMBER,252,AVAILABLE,202608180607,0,N/A
SUNTV,MEMBER,251,AVAILABLE,202608180607,0,N/A
SUPREMEIND,MEMBER,251,AVAILABLE,202608180607,0,N/A
SUZLON,MEMBER,987,AVAILABLE,202608180607,0,N/A
SYNGENE,MEMBER,249,AVAILABLE,202608180607,0,N/A
TATACOMM,MEMBER,251,AVAILABLE,202608180607,0,N/A
TATACONSUM,MEMBER,990,AVAILABLE,202608180607,0,N/A
TATAELXSI,MEMBER,252,AVAILABLE,202608180607,0,N/A
TATAMOTORS,MEMBER,208,AVAILABLE,202608211359,0,N/A
TATAPOWER,MEMBER,252,AVAILABLE,202608180607,0,N/A
TATASTEEL,MEMBER,252,AVAILABLE,202608180607,0,N/A
TCS,MEMBER,990,AVAILABLE,202609090640,0,N/A
TECHM,MEMBER,252,AVAILABLE,202608180607,0,N/A
TIINDIA,MEMBER,987,AVAILABLE,202608180607,0,N/A
TITAN,MEMBER,252,AVAILABLE,202608180607,0,N/A
TORNTPHARM,MEMBER,249,AVAILABLE,202608180607,0,N/A
TORNTPOWER,MEMBER,251,AVAILABLE,202608180607,0,N/A
TRENT,MEMBER,249,AVAILABLE,202608180607,0,N/A
TRIDENT,MEMBER,251,AVAILABLE,202608180607,0,N/A
UBL,MEMBER,989,AVAILABLE,202608180607,0,N/A
UCOBANK,MEMBER,992,AVAILABLE,202608180607,2,N/A
ULTRACEMCO,MEMBER,987,AVAILABLE,202608180607,0,N/A
UNIONBANK,MEMBER,990,AVAILABLE,202608180607,0,N/A
UNITDSPR,MEMBER,252,AVAILABLE,202608180607,0,N/A
VBL,MEMBER,252,AVAILABLE,202608180607,0,N/A
VEDL,MEMBER,252,AVAILABLE,202608180607,0,N/A
VOLTAS,MEMBER,252,AVAILABLE,202608180607,0,N/A
WHIRLPOOL,MEMBER,251,AVAILABLE,202608180607,0,N/A
WIPRO,MEMBER,252,AVAILABLE,202608180607,0,N/A
YESBANK,MEMBER,744,AVAILABLE,202608180607,2,N/A
ZOMATO,MEMBER,738,AVAILABLE,202608211359,0,N/A
ZYDUSLIFE,MEMBER,502,AVAILABLE,202608180607,2,N/A
