symbol,total_pnl,trade_count,avg_pnl,win_rate
HINDCOPPER,983903.2027185442,48,20497.98338996967,66.66666666666666
SUZLON,945284.0105497207,191,4949.130945286496,46.596858638743456
ZOMATO,936685.793848034,117,8005.861485880632,57.26495726495726
SJVN,803307.5626687333,46,17463.207884102896,65.21739130434783
HINDPETRO,712864.9865059026,44,16201.476966043241,65.9090909090909
VEDL,696599.1303190077,82,8495.111345353753,62.19512195121951
BHEL,694699.4045976099,116,5988.787970669051,46.55172413793103
INDUSTOWER,624498.9236097118,39,16012.792913069534,66.66666666666666
RVNL,614577.7061110024,69,8906.923276971049,56.52173913043478
ADANIPOWER,593143.2492016996,162,3661.378081491973,45.67901234567901
BEL,588098.4254498635,114,5158.758117981259,60.526315789473685
IRFC,529897.5675003133,73,7258.870787675524,47.94520547945205
IDBI,469288.9052773393,69,6801.288482280279,44.927536231884055
BANKINDIA,459679.31491694,57,8064.549384507719,57.89473684210527
NMDC,435872.3710503182,113,3857.27761991432,51.32743362831859
HINDALCO,407578.82910647505,57,7150.505773797808,57.89473684210527
NATIONALUM,366975.6302331163,105,3495.006002220155,53.333333333333336
ATGL,347613.8600371909,8,43451.73250464886,87.5
PAYTM,343778.7496966472,19,18093.618405086698,47.368421052631575
IRB,342443.2031884856,152,2252.915810450563,53.289473684210535
ONGC,341639.99167362717,93,3673.5482975658833,50.53763440860215
YESBANK,338157.4286594099,111,3046.463321255945,49.549549549549546
MAHABANK,334403.6125790018,69,4846.429167811621,47.82608695652174
NYKAA,329432.42507824046,23,14323.148916445238,65.21739130434783
ASHOKLEY,329409.8360844512,112,2941.1592507540286,46.42857142857143
IDFCFIRSTB,324707.1701323692,114,2848.3085099330633,50.0
MANAPPURAM,319572.04434326536,32,9986.626385727042,62.5
HUDCO,288660.1332188138,37,7801.625222130103,45.94594594594595
PFC,285514.42766030313,49,5826.8250542919,48.97959183673469
RECLTD,283918.0904516995,41,6924.831474431695,53.65853658536586
GMRINFRA,282685.58806305745,98,2884.546816969974,50.0
FEDERALBNK,277595.13971923507,78,3558.912047682501,55.12820512820513
L&TFH,276388.9468394021,47,5880.615890200044,57.446808510638306
UNIONBANK,258298.58123758543,89,2902.2312498605106,57.30337078651685
UCOBANK,247404.655908325,47,5263.9288491132975,46.808510638297875
TATASTEEL,236067.58789773524,105,2248.2627418831926,55.23809523809524
SHRIRAMFIN,232354.94084442485,41,5667.193679132313,53.65853658536586
HINDZINC,208905.06688230103,17,12288.533346017708,58.82352941176471
NHPC,192190.34958876617,76,2528.8203893258706,48.68421052631579
AXISBANK,181724.03761328978,178,1020.9215596252235,44.9438202247191
KALYANKJIL,178312.610203395,22,8105.118645608863,50.0
VBL,170302.94786922212,28,6082.248138186505,64.28571428571429
AMBUJACEM,154227.1020102826,16,9639.193875642663,62.5
JINDALSTEL,148823.2307242094,28,5315.115383007478,78.57142857142857
PETRONET,128434.70953185711,6,21405.784921976185,66.66666666666666
MAZDOCK,124453.82486990123,12,10371.15207249177,58.333333333333336
CANBK,120982.61596157527,122,991.6607865702891,44.26229508196721
IOC,120468.72917749276,92,1309.4427084510082,45.65217391304348
IRCTC,118553.47347438746,23,5154.498846712499,47.82608695652174
LICI,115599.74258635621,7,16514.24894090803,57.14285714285714
INFY,114485.38081965166,127,901.4596914933202,54.330708661417326
PNB,113166.41410640633,119,950.9782698017339,40.33613445378151
JSWENERGY,110353.56574471344,16,6897.09785904459,56.25
KARURVYSYA,106377.45551177554,18,5909.858639543086,66.66666666666666
BHARTIARTL,94023.26345026825,156,602.7132272453093,50.0
ADANIENT,93085.05896775081,119,782.2273862836203,46.21848739495798
SUNTV,88506.63849280741,4,22126.659623201853,50.0
ADANIPORTS,79237.1747265564,26,3047.5836433290924,46.15384615384615
TATAPOWER,70699.4685587947,73,968.4858706684206,53.42465753424658
DLF,66168.99714086093,24,2757.041547535872,62.5
ADANIENSOL,64384.729744940705,6,10730.788290823451,50.0
CHAMBLFERT,63591.555519920206,3,21197.185173306734,66.66666666666666
SUNPHARMA,56414.006729463596,80,705.175084118295,57.49999999999999
TRIDENT,44567.71221020277,60,742.7952035033795,51.66666666666667
TCS,43836.17498461242,10,4383.617498461243,60.0
CONCOR,42091.216837110405,2,21045.608418555203,100.0
BAJAJFINSV,40845.35118423323,4,10211.337796058308,100.0
SAIL,40744.76256125911,110,370.4069323750828,40.0
NTPC,35658.0980310535,57,625.580667211465,45.614035087719294
VOLTAS,34993.28639074358,1,34993.28639074358,100.0
OIL,34083.3628814066,16,2130.2101800879127,50.0
INDIANB,33960.87237634581,8,4245.109047043226,37.5
APOLLOTYRE,24208.88979096099,9,2689.87664344011,66.66666666666666
COALINDIA,22255.286111174435,49,454.1895124729476,46.93877551020408
HCLTECH,18188.757867833086,3,6062.9192892776955,66.66666666666666
POONAWALLA,15180.763020633043,8,1897.5953775791304,62.5
JSWSTEEL,11735.057654192511,71,165.2825021717255,46.478873239436616
SONACOMS,11009.65338203717,1,11009.65338203717,100.0
PRESTIGE,10229.264223743958,1,10229.264223743958,100.0
DABUR,9256.599619700504,3,3085.533206566835,33.33333333333333
ZYDUSLIFE,7668.664713823686,5,1533.7329427647371,40.0
INDHOTEL,7505.566003952193,10,750.5566003952192,40.0
GLENMARK,5368.134236283002,1,5368.134236283002,100.0
PATANJALI,4847.658336865294,5,969.5316673730588,40.0
TITAN,3973.806081960751,9,441.5340091067501,55.55555555555556
SIEMENS,3118.55819659579,1,3118.55819659579,100.0
CIPLA,3003.236745198546,1,3003.236745198546,100.0
HDFCLIFE,1770.16812994652,4,442.54203248663,50.0
TATACONSUM,-6.017596506615519,2,-3.0087982533077593,50.0
CHOLAFIN,-684.2191115705398,1,-684.2191115705398,0.0
SBILIFE,-1412.591404358521,1,-1412.591404358521,0.0
CANFINHOME,-2597.958866254066,1,-2597.958866254066,0.0
AUROPHARMA,-2804.9862681007658,1,-2804.9862681007658,0.0
BIOCON,-3218.0369661019286,10,-321.80369661019284,40.0
LT,-3285.4247490893677,10,-328.54247490893675,30.0
ASIANPAINT,-3623.466115406061,1,-3623.466115406061,0.0
BANKBARODA,-4493.3197740797405,98,-45.850201776323885,45.91836734693878
KPITTECH,-6612.114909852502,2,-3306.057454926251,50.0
MAXHEALTH,-8020.058077255428,1,-8020.058077255428,0.0
ADANIGREEN,-8655.278577676261,5,-1731.0557155352521,20.0
RELIANCE,-23099.70090317668,242,-95.453309517259,52.066115702479344
INDUSINDBK,-27682.72324234133,21,-1318.224916301968,52.38095238095239
M&M,-30158.831626991076,5,-6031.7663253982155,40.0
HAL,-31810.86021589236,4,-7952.71505397309,25.0
IGL,-34261.60853374616,9,-3806.8453926384627,33.33333333333333
GAIL,-35475.98276541299,88,-403.136167788784,43.18181818181818
COFORGE,-40653.72679799232,3,-13551.24226599744,33.33333333333333
JUBLFOOD,-45248.34213009941,4,-11312.085532524852,0.0
ICICIBANK,-47346.52144694397,260,-182.1020055651691,46.92307692307692
FORTIS,-47976.84225020437,3,-15992.280750068123,0.0
EXIDEIND,-50618.80616557794,6,-8436.46769426299,16.666666666666664
LICHSGFIN,-56280.69359269877,4,-14070.173398174693,50.0
BPCL,-56728.205200752636,46,-1233.2218521902746,36.95652173913043
DELHIVERY,-58342.16787348974,2,-29171.08393674487,0.0
DRREDDY,-62685.382673699336,5,-12537.076534739866,0.0
SBIN,-63081.827849992456,296,-213.11428327700153,47.2972972972973
BAJFINANCE,-72809.28458842514,251,-290.07683102958225,49.40239043824701
M&MFIN,-97499.90312563894,17,-5735.288419155232,29.411764705882355
POWERGRID,-123149.3558198432,67,-1838.0500868633314,50.74626865671642
CGPOWER,-159645.8794299736,7,-22806.554204281943,14.285714285714285
HDFCBANK,-235494.00272007266,181,-1301.0718382324455,44.751381215469614
BANDHANBNK,-243838.78565394983,49,-4976.301748039792,44.89795918367347
KOTAKBANK,-276093.1652918993,223,-1238.0859430130013,43.946188340807176
ITC,-464998.5207183303,181,-2569.0526006537584,45.85635359116022
WIPRO,-574531.3781773564,61,-9418.547183235352,42.62295081967213
