symbol,signal_date,direction,entry,stop,exit,raw_profit,stop_breached,triggered_at,bars_available,extreme_gap_count,first_gap_pct
ADANIENT,2023-02-28T00:00:00,SHORT,1361.373046875,1402.2142382812501,2804.607666015625,-106.01316240640553,2023-03-01T00:00:00,NO,200,0,0.0
ADANIPORTS,2021-06-11T00:00:00,LONG,839.75,814.5575,774.2000122070312,-7.805893157840875,2021-06-14T00:00:00,NO,200,0,0.0
ADANIPOWER,2020-11-20T00:00:00,SHORT,7.599999904632568,7.827999901771546,19.84000015258789,-161.05263686246164,2020-11-24T00:00:00,NO,200,0,0.0
ADANIPOWER,2020-11-27T00:00:00,SHORT,7.699999809265137,7.930999803543091,18.90999984741211,-145.58441968606775,2020-12-01T00:00:00,NO,200,0,0.0
ADANIPOWER,2021-08-24T00:00:00,SHORT,15.449999809265137,15.913499803543091,53.33000183105469,-245.17800964032034,2021-08-25T00:00:00,NO,200,0,0.0
ADANIPOWER,2022-08-22T00:00:00,LONG,86.5,83.905,53.560001373291016,-38.08092326787166,2022-08-23T00:00:00,NO,200,0,0.0
ADANIPOWER,2022-09-23T00:00:00,LONG,77.12000274658203,74.80640266418457,49.13999938964844,-36.281123392690326,2022-09-26T00:00:00,NO,200,0,0.0
ADANIPOWER,2022-11-15T00:00:00,LONG,71.95999908447266,69.80119911193847,66.05000305175781,-8.212890644672184,2022-11-17T00:00:00,NO,200,0,0.0
ADANIPOWER,2023-03-01T00:00:00,SHORT,29.260000228881836,30.13780023574829,102.51000213623047,-250.34176806001983,2023-03-02T00:00:00,NO,200,0,0.0
ADANIPOWER,2023-03-31T00:00:00,SHORT,36.5,37.595,103.51000213623047,-183.58904694857662,2023-04-03T00:00:00,NO,200,0,0.0
ADANIPOWER,2024-06-04T00:00:00,LONG,174.89999389648438,169.65299407958983,103.93000030517578,-40.57747059345961,2024-06-05T00:00:00,NO,200,0,0.0
ADANIPOWER,2024-08-05T00:00:00,LONG,145.27000427246094,140.9119041442871,111.72000122070312,-23.094928109751518,2024-08-06T00:00:00,NO,200,0,0.0
ADANIPOWER,2025-01-14T00:00:00,SHORT,89.9800033569336,92.6794034576416,156.72999572753906,-74.183140564933,2025-01-15T00:00:00,NO,200,0,0.0
ADANIPOWER,2025-05-12T00:00:00,SHORT,102.4000015258789,105.47200157165527,144.30999755859375,-40.92772989082739,2025-05-13T00:00:00,NO,200,0,0.0
APOLLOTYRE,2021-03-04T00:00:00,LONG,259.04998779296875,251.2784881591797,208.89999389648438,-19.359195622338326,2021-03-05T00:00:00,NO,200,0,0.0
ASHOKLEY,2022-03-08T00:00:00,SHORT,49.650001525878906,51.13950157165527,70.92500305175781,-42.849951403908435,2022-03-09T00:00:00,NO,200,0,0.0
ASHOKLEY,2022-03-14T00:00:00,SHORT,53.650001525878906,55.25950157165528,74.32499694824219,-38.53680304629699,2022-03-15T00:00:00,NO,200,0,0.0
ASHOKLEY,2022-05-12T00:00:00,SHORT,58.724998474121094,60.486748428344725,70.625,-20.263945227896418,2022-05-13T00:00:00,NO,200,0,0.0
ASHOKLEY,2023-04-06T00:00:00,SHORT,67.375,69.39625,86.8499984741211,-28.90537806919643,2023-04-11T00:00:00,NO,200,0,0.0
ASHOKLEY,2023-04-28T00:00:00,SHORT,71.0999984741211,73.23299842834473,87.0999984741211,-22.50351665735079,2023-05-09T00:00:00,NO,200,0,0.0
ASHOKLEY,2024-03-21T00:00:00,SHORT,80.7750015258789,83.19825157165528,101.2249984741211,-25.317234988464055,2024-03-22T00:00:00,NO,200,0,0.0
ASHOKLEY,2024-04-22T00:00:00,SHORT,84.67500305175781,87.21525314331055,105.51000213623047,-24.605843913270615,2024-04-24T00:00:00,NO,200,0,0.0
ATGL,2024-06-04T00:00:00,LONG,1119.4000244140625,1085.8180236816406,619.6500244140625,-44.64445141151293,2024-06-05T00:00:00,NO,200,0,0.0
AXISBANK,2017-10-23T00:00:00,SHORT,447.178466796875,460.59382080078126,592.6270141601562,-32.52583882339517,2017-10-25T00:00:00,NO,200,0,0.0
AXISBANK,2017-10-24T00:00:00,SHORT,449.1661376953125,462.6411218261719,617.2244873046875,-37.41563210256418,2017-10-25T00:00:00,NO,200,0,0.0
AXISBANK,2020-04-03T00:00:00,SHORT,323.8470458984375,333.5624572753906,665.4561157226562,-105.48469536799531,2020-04-07T00:00:00,NO,200,0,0.0
AXISBANK,2020-09-30T00:00:00,SHORT,422.55841064453125,435.2351629638672,742.0768432617188,-75.61521071840076,2020-10-01T00:00:00,NO,200,0,0.0
AXISBANK,2020-10-15T00:00:00,SHORT,460.32147216796875,474.1311163330078,750.087158203125,-62.94854868934342,2020-10-19T00:00:00,NO,200,0,0.0
AXISBANK,2020-10-30T00:00:00,SHORT,490.0742492675781,504.77647674560546,736.6039428710938,-50.30455976251705,2020-11-02T00:00:00,NO,200,0,0.0
AXISBANK,2021-10-26T00:00:00,LONG,837.7532958984375,812.6206970214844,757.9559326171875,-9.525162559422983,2021-10-27T00:00:00,NO,200,0,0.0
AXISBANK,2022-07-07T00:00:00,SHORT,655.9052124023438,675.5823687744141,867.6804809570312,-32.287480652735056,2022-07-11T00:00:00,NO,200,0,0.0
AXISBANK,2022-07-19T00:00:00,SHORT,698.2103271484375,719.1566369628906,907.5440673828125,-29.98147293084527,2022-07-22T00:00:00,NO,200,0,0.0
BAJFINANCE,2018-10-23T00:00:00,SHORT,202.0112762451172,208.0716145324707,323.2687683105469,-60.02511063704079,2018-10-24T00:00:00,NO,200,0,0.0
BAJFINANCE,2020-05-29T00:00:00,SHORT,190.2031707763672,195.9092658996582,539.8541870117188,-183.83027728094837,2020-06-01T00:00:00,NO,200,0,0.0
BAJFINANCE,2020-06-01T00:00:00,SHORT,210.375732421875,216.68700439453124,541.100341796875,-157.20663479939049,2020-06-02T00:00:00,NO,200,0,0.0
BAJFINANCE,2020-06-18T00:00:00,SHORT,245.9210662841797,253.29869827270508,513.28515625,-108.71947410022274,2020-06-19T00:00:00,NO,200,0,0.0
BAJFINANCE,2020-06-19T00:00:00,SHORT,262.72991943359375,270.61181701660155,483.13836669921875,-83.89164345682155,2020-06-22T00:00:00,NO,200,0,0.0
BAJFINANCE,2020-07-03T00:00:00,SHORT,285.4045715332031,293.9667086791992,449.175048828125,-57.38186897818114,2020-07-06T00:00:00,NO,200,0,0.0
BAJFINANCE,2021-04-19T00:00:00,SHORT,436.1242370605469,449.2079641723633,693.3963012695312,-58.99054497474935,2021-04-20T00:00:00,NO,200,0,0.0
BAJFINANCE,2023-03-31T00:00:00,SHORT,549.712646484375,566.2040258789062,693.43798828125,-26.14554035022737,2023-04-05T00:00:00,NO,200,0,0.0
BANDHANBNK,2022-09-15T00:00:00,LONG,304.6000061035156,295.46200592041015,230.25,-24.409062578366605,2022-09-16T00:00:00,NO,200,0,0.0
BANDHANBNK,2023-03-31T00:00:00,SHORT,189.89999389648438,195.5969937133789,223.6999969482422,-17.798843674625076,2023-04-03T00:00:00,NO,200,0,0.0
BANKBARODA,2020-12-02T00:00:00,SHORT,54.099998474121094,55.72299842834473,79.6500015258789,-47.22736371976006,2020-12-03T00:00:00,NO,200,0,0.0
BANKBARODA,2021-04-23T00:00:00,SHORT,62.95000076293945,64.83850078582763,114.8499984741211,-82.44638138548954,2021-04-27T00:00:00,NO,200,0,0.0
BANKBARODA,2022-06-20T00:00:00,SHORT,91.1500015258789,93.88450157165528,170.85000610351562,-87.4382920937293,2022-06-21T00:00:00,NO,200,0,0.0
BANKBARODA,2024-07-08T00:00:00,LONG,273.79998779296875,265.5859881591797,252.5500030517578,-7.761134290947782,2024-07-09T00:00:00,NO,200,0,0.0
BANKBARODA,2025-05-12T00:00:00,SHORT,220.08999633789062,226.69269622802736,313.1000061035156,-42.259989692049636,2025-05-13T00:00:00,NO,200,0,0.0
BANKINDIA,2023-02-28T00:00:00,SHORT,66.9000015258789,68.90700157165527,109.5,-63.67712631163715,2023-03-01T00:00:00,NO,200,0,0.0
BANKINDIA,2023-03-28T00:00:00,SHORT,69.05000305175781,71.12150314331055,134.35000610351562,-94.5691530278585,2023-03-29T00:00:00,NO,200,0,0.0
BANKINDIA,2024-05-13T00:00:00,LONG,138.75,134.5875,98.08000183105469,-29.31171039203266,2024-05-14T00:00:00,NO,200,0,0.0
BEL,2020-11-04T00:00:00,SHORT,29.633333206176758,30.522333202362063,60.43333435058594,-103.93701218190752,2020-11-05T00:00:00,NO,200,0,0.0
BEL,2022-02-24T00:00:00,SHORT,62.61666488647461,64.49516483306886,99.44999694824219,-58.8235290534033,2022-02-25T00:00:00,NO,200,0,0.0
BEL,2023-03-31T00:00:00,SHORT,91.55000305175781,94.29650314331055,187.10000610351562,-104.36919701437759,2023-04-03T00:00:00,NO,200,0,0.0
BEL,2025-04-08T00:00:00,SHORT,272.1000061035156,280.2630062866211,415.95001220703125,-52.86659422153428,2025-04-09T00:00:00,NO,200,0,0.0
BHARTIARTL,2020-10-30T00:00:00,SHORT,410.94537353515625,423.27373474121094,581.4344482421875,-41.48704078121126,2020-11-02T00:00:00,NO,200,0,0.0
BHARTIARTL,2020-11-06T00:00:00,SHORT,426.2463073730469,439.0336965942383,563.8597412109375,-32.28495624654236,2020-11-09T00:00:00,NO,200,0,0.0
BHARTIARTL,2021-03-25T00:00:00,SHORT,481.0548095703125,495.4864538574219,706.3424682617188,-46.832014608197674,2021-03-26T00:00:00,NO,200,0,0.0
BHEL,2020-11-20T00:00:00,SHORT,29.200000762939453,30.076000785827638,58.0,-98.63013179648068,2020-11-23T00:00:00,NO,200,0,0.0
BHEL,2022-06-20T00:00:00,SHORT,42.099998474121094,43.362998428344724,71.94999694824219,-70.90261177199308,2022-06-21T00:00:00,NO,200,0,0.0
BHEL,2022-07-15T00:00:00,SHORT,49.54999923706055,51.036499214172366,80.5999984741211,-62.663975207161926,2022-07-19T00:00:00,NO,200,0,0.0
BHEL,2024-09-30T00:00:00,LONG,287.54998779296875,278.92348815917967,250.5,-12.88471200341143,2024-10-01T00:00:00,NO,200,0,0.0
BHEL,2024-10-03T00:00:00,LONG,280.45001220703125,272.0365118408203,250.5,-10.67926935404154,2024-10-04T00:00:00,NO,200,0,0.0
BIOCON,2023-03-31T00:00:00,SHORT,201.60000610351562,207.6480062866211,262.5,-30.208329391227316,2023-04-03T00:00:00,NO,200,0,0.0
BPCL,2020-12-23T00:00:00,SHORT,187.1999969482422,192.81599685668945,229.64999389648438,-22.67628079074111,2021-01-04T00:00:00,NO,200,0,0.0
BPCL,2021-09-15T00:00:00,LONG,244.97500610351562,237.62575592041014,156.5500030517578,-36.09552029744345,2021-09-16T00:00:00,NO,200,0,0.0
BPCL,2022-04-21T00:00:00,LONG,198.85000610351562,192.88450592041016,166.0749969482422,-16.482277168355584,2022-04-25T00:00:00,NO,200,0,0.0
BPCL,2022-10-20T00:00:00,SHORT,148.5500030517578,153.00650314331054,181.3249969482422,-22.063273795467314,2022-10-28T00:00:00,NO,200,0,0.0
BPCL,2023-11-01T00:00:00,SHORT,174.625,179.86375,349.04998779296875,-99.8854618714209,2023-11-03T00:00:00,NO,200,0,0.0
CANBK,2020-10-30T00:00:00,SHORT,17.239999771118164,17.75719976425171,30.579999923706055,-77.37819216759002,2020-11-03T00:00:00,NO,200,0,0.0
CANBK,2020-11-26T00:00:00,SHORT,20.0,20.6,30.989999771118164,-54.94999885559082,2020-11-27T00:00:00,NO,200,0,0.0
CANBK,2020-11-27T00:00:00,SHORT,20.760000228881836,21.38280023574829,30.989999771118164,-49.27745389908086,2020-12-01T00:00:00,NO,200,0,0.0
CANBK,2021-04-23T00:00:00,SHORT,26.100000381469727,26.883000392913818,52.04999923706055,-99.42528151844242,2021-04-26T00:00:00,NO,200,0,0.0
CANBK,2022-06-20T00:00:00,SHORT,34.90999984741211,35.95729984283447,57.58000183105469,-64.93841902816024,2022-06-21T00:00:00,NO,200,0,0.0
CANBK,2022-07-01T00:00:00,SHORT,36.970001220703125,38.07910125732422,61.540000915527344,-66.45928829741307,2022-07-05T00:00:00,NO,200,0,0.0
CANBK,2022-07-06T00:00:00,SHORT,38.54999923706055,39.70649921417237,63.4900016784668,-64.69520865108048,2022-07-07T00:00:00,NO,200,0,0.0
CANBK,2024-06-04T00:00:00,LONG,128.25,124.4025,85.83999633789062,-33.0682289763036,2024-06-05T00:00:00,NO,200,0,0.0
CANBK,2025-04-15T00:00:00,SHORT,90.54000091552734,93.25620094299316,147.4199981689453,-62.82305796140457,2025-04-17T00:00:00,NO,200,0,0.0
CANBK,2025-09-01T00:00:00,SHORT,103.83000183105469,106.94490188598633,133.74000549316406,-28.8067062839669,2025-09-03T00:00:00,NO,200,0,0.0
COALINDIA,2020-10-29T00:00:00,SHORT,110.8499984741211,114.17549842834472,135.60000610351562,-22.327476743423354,2020-10-30T00:00:00,NO,200,0,0.0
COALINDIA,2020-11-23T00:00:00,SHORT,122.75,126.4325,161.0500030517578,-31.201631814059315,2020-11-25T00:00:00,NO,200,0,0.0
COALINDIA,2021-05-03T00:00:00,SHORT,132.1999969482422,136.16599685668945,163.0500030517578,-23.335859921081354,2021-05-07T00:00:00,NO,200,0,0.0
COALINDIA,2022-02-24T00:00:00,SHORT,150.0,154.5,224.64999389648438,-49.76666259765625,2022-02-25T00:00:00,NO,200,0,0.0
COALINDIA,2024-10-28T00:00:00,LONG,461.1000061035156,447.26700592041016,384.45001220703125,-16.623290583795107,2024-10-29T00:00:00,NO,200,0,0.0
DELHIVERY,2025-04-21T00:00:00,SHORT,281.04998779296875,289.48148742675784,448.29998779296875,-59.508986751211744,2025-04-22T00:00:00,NO,200,0,0.0
FEDERALBNK,2023-06-30T00:00:00,SHORT,122.1500015258789,125.81450157165527,153.60000610351562,-25.747035763215827,2023-07-03T00:00:00,NO,200,0,0.0
GAIL,2020-11-09T00:00:00,SHORT,57.666664123535156,59.39666404724121,97.43333435058594,-68.95954678748453,2020-11-10T00:00:00,NO,200,0,0.0
GAIL,2020-11-10T00:00:00,SHORT,60.133331298828125,61.93733123779297,96.53333282470703,-60.532155361544504,2020-11-11T00:00:00,NO,200,0,0.0
GAIL,2022-04-22T00:00:00,LONG,109.46666717529297,106.18266716003417,95.80000305175781,-12.484772283831596,2022-04-25T00:00:00,NO,200,0,0.0
GAIL,2024-10-17T00:00:00,LONG,231.86000061035156,224.904200592041,171.33999633789062,-26.101959852129397,2024-10-18T00:00:00,NO,200,0,0.0
GMRINFRA,2022-08-24T00:00:00,SHORT,33.70000076293945,34.711000785827636,43.25,-28.338276026280884,2022-08-25T00:00:00,NO,200,0,0.0
GMRINFRA,2024-08-02T00:00:00,LONG,101.5199966430664,98.4743967437744,86.86000061035156,-14.440500903736082,2024-08-05T00:00:00,NO,200,0,0.0
GMRINFRA,2025-04-01T00:00:00,SHORT,75.7300033569336,78.0019034576416,100.2300033569336,-32.351774612402494,2025-04-02T00:00:00,NO,200,0,0.0
HDFCBANK,2018-11-13T00:00:00,SHORT,445.28759765625,458.6462255859375,524.0245361328125,-17.682266223220815,2018-11-16T00:00:00,NO,200,0,0.0
HDFCBANK,2020-04-03T00:00:00,SHORT,379.1583557128906,390.53310638427735,700.6171875,-84.78220958172079,2020-04-07T00:00:00,NO,200,0,0.0
HDFCBANK,2020-05-19T00:00:00,SHORT,386.9852294921875,398.59478637695315,726.2640380859375,-87.67228894988082,2020-05-20T00:00:00,NO,200,0,0.0
HDFCBANK,2020-05-26T00:00:00,SHORT,397.1181640625,409.03170898437503,712.8001098632812,-79.4932023686275,2020-05-27T00:00:00,NO,200,0,0.0
HDFCBANK,2020-08-03T00:00:00,SHORT,466.8141174316406,480.8185409545899,697.5657348632812,-49.43115660280593,2020-08-04T00:00:00,NO,200,0,0.0
HDFCBANK,2022-06-17T00:00:00,SHORT,610.4888916015625,628.8035583496094,785.009033203125,-28.586947936714243,2022-06-21T00:00:00,NO,200,0,0.0
HDFCBANK,2022-07-19T00:00:00,SHORT,638.0846557617188,657.2271954345704,789.434814453125,-23.71944808964741,2022-07-22T00:00:00,NO,200,0,0.0
HDFCBANK,2022-10-13T00:00:00,SHORT,659.645263671875,679.4346215820312,779.7442016601562,-18.206594453473045,2022-10-14T00:00:00,NO,200,0,0.0
HDFCBANK,2023-07-04T00:00:00,LONG,827.4054565429688,802.5832928466797,732.2744750976562,-11.49750472311179,2023-07-05T00:00:00,NO,200,0,0.0
HDFCBANK,2024-02-14T00:00:00,SHORT,662.6377563476562,682.516889038086,907.520263671875,-36.95571297868211,2024-02-16T00:00:00,NO,200,0,0.0
HDFCBANK,2025-01-27T00:00:00,SHORT,790.9500732421875,814.6785754394532,976.302490234375,-23.434148786712726,2025-01-28T00:00:00,NO,200,0,0.0
HDFCLIFE,2021-09-17T00:00:00,LONG,747.75,725.3175,554.5999755859375,-25.830829075768975,2021-09-21T00:00:00,NO,200,0,0.0
HINDALCO,2022-04-22T00:00:00,LONG,514.1500244140625,498.7255236816406,436.5,-15.102600549820902,2022-04-25T00:00:00,NO,200,0,0.0
HINDALCO,2022-09-29T00:00:00,SHORT,371.20001220703125,382.3360125732422,434.5,-17.05279787481907,2022-09-30T00:00:00,NO,200,0,0.0
HINDPETRO,2020-10-29T00:00:00,SHORT,119.73332977294922,123.3253296661377,164.8000030517578,-37.63920485989048,2020-10-30T00:00:00,NO,200,0,0.0
HINDPETRO,2022-11-07T00:00:00,SHORT,135.73333740234375,139.80533752441406,174.3333282470703,-28.43810635135834,2022-11-09T00:00:00,NO,200,0,0.0
HINDZINC,2024-05-23T00:00:00,LONG,772.2999877929688,749.1309881591797,429.3500061035156,-44.40631711901413,2024-05-24T00:00:00,NO,200,0,0.0
HUDCO,2024-12-18T00:00:00,LONG,256.7099914550781,249.00869171142577,231.42999267578125,-9.84768790494103,2024-12-19T00:00:00,NO,200,0,0.0
ICICIBANK,2018-07-19T00:00:00,SHORT,248.795166015625,256.25902099609374,390.07281494140625,-56.784724232507244,2018-07-23T00:00:00,NO,200,0,0.0
ICICIBANK,2020-02-20T00:00:00,LONG,524.628662109375,508.8898022460937,490.58062744140625,-6.489930331116829,2020-02-24T00:00:00,NO,200,0,0.0
ICICIBANK,2020-02-26T00:00:00,LONG,502.2816467285156,487.2131973266601,504.29571533203125,0.40098391343457424,2020-02-28T00:00:00,2020-12-14T00:00:00,200,0,0.0
ICICIBANK,2020-05-26T00:00:00,SHORT,280.7291564941406,289.15103118896485,584.5245971679688,-108.2165616381813,2020-05-27T00:00:00,NO,200,0,0.0
ICICIBANK,2020-09-24T00:00:00,SHORT,321.9704895019531,331.62960418701175,637.17919921875,-97.8998759185614,2020-09-25T00:00:00,NO,200,0,0.0
ICICIBANK,2020-09-25T00:00:00,SHORT,334.3908386230469,344.4225637817383,640.1525268554688,-91.4384166418811,2020-09-28T00:00:00,NO,200,0,0.0
ICICIBANK,2020-09-30T00:00:00,SHORT,340.2413635253906,350.4486044311524,615.6474609375,-80.94433156465914,2020-10-01T00:00:00,NO,200,0,0.0
ICICIBANK,2020-10-05T00:00:00,SHORT,357.84088134765625,368.57610778808595,648.9762573242188,-81.35889194105613,2020-10-07T00:00:00,NO,200,0,0.0
ICICIBANK,2022-03-09T00:00:00,SHORT,642.0269775390625,661.2877868652344,869.898193359375,-35.492467418387925,2022-03-10T00:00:00,NO,200,0,0.0
ICICIBANK,2023-03-20T00:00:00,SHORT,809.4180908203125,833.7006335449219,967.0133666992188,-19.470194410800705,2023-03-22T00:00:00,NO,200,0,0.0
ICICIBANK,2025-02-28T00:00:00,SHORT,1184.8909912109375,1220.4377209472657,1357.059326171875,-14.530310065484128,2025-03-11T00:00:00,NO,200,0,0.0
IDBI,2021-01-29T00:00:00,SHORT,27.75,28.5825,48.75,-75.67567567567568,2021-02-01T00:00:00,NO,200,0,0.0
IDBI,2021-11-02T00:00:00,LONG,56.95000076293945,55.241500740051265,39.0,-31.518877124617216,2021-11-03T00:00:00,NO,200,0,0.0
IDFCFIRSTB,2022-06-23T00:00:00,SHORT,29.75,30.642500000000002,55.150001525878906,-85.37815638950893,2022-06-24T00:00:00,NO,200,0,0.0
IDFCFIRSTB,2022-07-27T00:00:00,SHORT,35.75,36.8225,66.4000015258789,-85.73427000245847,2022-07-28T00:00:00,NO,200,0,0.0
IDFCFIRSTB,2022-07-28T00:00:00,SHORT,36.599998474121094,37.697998428344725,66.05000305175781,-80.46449673614072,2022-07-29T00:00:00,NO,200,0,0.0
IDFCFIRSTB,2022-07-29T00:00:00,SHORT,37.54999923706055,38.67649921417237,66.0,-75.76564937679223,2022-08-01T00:00:00,NO,200,0,0.0
IDFCFIRSTB,2024-04-29T00:00:00,LONG,84.80000305175781,82.25600296020508,62.15999984741211,-26.698116025452666,2024-04-30T00:00:00,NO,200,0,0.0
IDFCFIRSTB,2025-04-11T00:00:00,SHORT,59.25,61.0275,83.47000122070312,-40.877639191060126,2025-04-16T00:00:00,NO,200,0,0.0
IDFCFIRSTB,2025-04-15T00:00:00,SHORT,59.91999816894531,61.717598114013676,83.58000183105469,-39.4859886267013,2025-04-16T00:00:00,NO,200,0,0.0
IDFCFIRSTB,2025-04-21T00:00:00,SHORT,63.0,64.89,85.13999938964844,-35.14285617404514,2025-04-22T00:00:00,NO,200,0,0.0
INDHOTEL,2024-12-31T00:00:00,LONG,889.6500244140625,862.9605236816406,735.4000244140625,-17.33827862271925,2025-01-01T00:00:00,NO,200,0,0.0
INDUSINDBK,2020-10-30T00:00:00,SHORT,585.7000122070312,603.2710125732422,988.5999755859375,-68.78947498407948,2020-11-02T00:00:00,NO,200,0,0.0
INDUSINDBK,2020-11-03T00:00:00,SHORT,646.5999755859375,665.9979748535156,1005.5499877929688,-55.51345897929505,2020-11-04T00:00:00,NO,200,0,0.0
INDUSINDBK,2020-11-04T00:00:00,SHORT,678.0499877929688,698.3914874267579,1001.5,-47.70297441636284,2020-11-05T00:00:00,NO,200,0,0.0
INDUSTOWER,2023-06-01T00:00:00,SHORT,153.85000610351562,158.4655062866211,250.1999969482422,-62.625925916375294,2023-06-02T00:00:00,NO,200,0,0.0
INDUSTOWER,2025-09-05T00:00:00,SHORT,324.04998779296875,333.7714874267578,393.54998779296875,-21.447308322197078,2025-09-08T00:00:00,NO,200,0,0.0
INFY,2017-09-11T00:00:00,SHORT,340.79510498046875,351.01895812988283,526.663818359375,-54.539725090698866,2017-09-15T00:00:00,NO,200,0,0.0
INFY,2018-11-26T00:00:00,SHORT,506.2106628417969,521.3969827270508,668.6424560546875,-32.08778580463338,2018-11-27T00:00:00,NO,200,0,0.0
INFY,2020-04-03T00:00:00,SHORT,492.6130065917969,507.3913967895508,1134.5234375,-130.30724368187893,2020-04-07T00:00:00,NO,200,0,0.0
INFY,2023-05-19T00:00:00,SHORT,1139.093505859375,1173.2663110351564,1475.02197265625,-29.490859623805683,2023-05-23T00:00:00,NO,200,0,0.0
IOC,2020-11-04T00:00:00,SHORT,51.96666717529297,53.52566719055176,70.4000015258789,-35.47145767190912,2020-11-06T00:00:00,NO,200,0,0.0
IOC,2021-05-04T00:00:00,SHORT,60.93333435058594,62.76133438110352,80.76666259765625,-32.549225245014995,2021-05-07T00:00:00,NO,200,0,0.0
IOC,2021-11-10T00:00:00,LONG,92.96666717529297,90.17766716003418,71.5,-23.090713938165138,2021-11-11T00:00:00,NO,200,0,0.0
IOC,2022-04-22T00:00:00,LONG,89.56666564941406,86.87966567993163,79.25,-11.518421027077224,2022-04-25T00:00:00,NO,200,0,0.0
IOC,2022-10-17T00:00:00,SHORT,66.05000305175781,68.03150314331054,92.8499984741211,-40.575312920670704,2022-10-20T00:00:00,NO,200,0,0.0
IOC,2023-10-27T00:00:00,SHORT,86.19999694824219,88.78599685668945,173.7899932861328,-101.61252835134442,2023-11-01T00:00:00,NO,200,0,0.0
IOC,2024-10-03T00:00:00,LONG,179.05999755859375,173.68819763183592,151.97999572753906,-15.123423545336143,2024-10-04T00:00:00,NO,200,0,0.0
IOC,2025-04-15T00:00:00,SHORT,131.8300018310547,135.78490188598633,163.24000549316406,-23.82614217237327,2025-04-22T00:00:00,NO,200,0,0.0
IOC,2025-04-30T00:00:00,SHORT,135.77999877929688,139.85339874267578,176.77000427246094,-30.18854460279612,2025-05-02T00:00:00,NO,200,0,0.0
IRB,2021-04-19T00:00:00,SHORT,5.09499979019165,5.2478497838974,14.907500267028809,-192.59079255954313,2021-04-22T00:00:00,NO,200,0,0.0
IRB,2022-06-22T00:00:00,SHORT,9.302499771118164,9.581574764251709,13.324999809265137,-43.24106570403566,2022-06-23T00:00:00,NO,200,0,0.0
IRB,2022-09-28T00:00:00,SHORT,9.982500076293945,10.281975078582764,13.050000190734863,-30.728776268436985,2022-09-29T00:00:00,NO,200,0,0.0
IRB,2023-03-29T00:00:00,SHORT,11.324999809265137,11.66474980354309,23.625,-108.60927503656173,2023-03-31T00:00:00,NO,200,0,0.0
IRB,2023-03-31T00:00:00,SHORT,12.100000381469727,12.463000392913818,23.950000762939453,-97.93388436265789,2023-04-03T00:00:00,NO,200,0,0.0
IRB,2023-08-23T00:00:00,SHORT,13.149999618530273,13.544499607086182,32.244998931884766,-145.20912446603302,2023-08-24T00:00:00,NO,200,0,0.0
IRB,2024-06-10T00:00:00,LONG,38.42499923706055,37.27224925994873,22.610000610351562,-41.15809743843942,2024-06-11T00:00:00,NO,200,0,0.0
IRB,2024-09-30T00:00:00,LONG,31.454999923706055,30.51134992599487,24.030000686645508,-23.60514784635144,2024-10-01T00:00:00,NO,200,0,0.0
IRCTC,2021-10-19T00:00:00,LONG,1090.969970703125,1058.2408715820313,642.3499755859375,-41.121204722807725,2021-10-20T00:00:00,NO,200,0,0.0
IRFC,2023-03-31T00:00:00,SHORT,26.350000381469727,27.140500392913818,161.3000030517578,-512.1442152433129,2023-04-03T00:00:00,NO,200,1,25.08818712065375
IRFC,2023-04-03T00:00:00,SHORT,26.600000381469727,27.39800039291382,171.89999389648438,-546.2405692904971,2023-04-05T00:00:00,NO,200,1,25.08818712065375
IRFC,2024-07-18T00:00:00,LONG,212.11000061035156,205.746700592041,118.94000244140625,-43.9253207773544,2024-07-19T00:00:00,NO,200,0,0.0
IRFC,2024-08-05T00:00:00,LONG,192.3300018310547,186.56010177612305,140.17999267578125,-27.11485917890373,2024-08-06T00:00:00,NO,200,0,0.0
IRFC,2024-09-04T00:00:00,LONG,178.4600067138672,173.10620651245117,138.6199951171875,-22.32433604048718,2024-09-06T00:00:00,NO,200,0,0.0
ITC,2017-07-28T00:00:00,LONG,198.7108154296875,192.74949096679686,192.4403839111328,-3.1555562312980583,2017-08-03T00:00:00,NO,200,0,0.0
ITC,2018-10-11T00:00:00,SHORT,184.3385772705078,189.86873458862306,183.54241943359375,0.4318997405224301,2018-10-12T00:00:00,2019-08-05T00:00:00,200,0,0.0
ITC,2019-11-07T00:00:00,LONG,188.46946716308594,182.81538314819335,145.07809448242188,-23.023025073401808,2019-11-13T00:00:00,NO,200,0,0.0
ITC,2020-05-18T00:00:00,SHORT,116.79647827148438,120.3003726196289,155.9990234375,-33.56483495580436,2020-05-19T00:00:00,NO,200,2,28.927987544972034
ITC,2020-11-04T00:00:00,SHORT,126.81732177734375,130.62184143066406,162.517333984375,-28.150738169436057,2020-11-05T00:00:00,NO,200,2,28.927987544972034
ITC,2024-03-12T00:00:00,SHORT,352.4593200683594,363.03309967041014,427.42791748046875,-21.270141869867206,2024-03-13T00:00:00,NO,200,0,0.0
JSWSTEEL,2020-04-03T00:00:00,SHORT,131.0418243408203,134.97307907104494,372.1561584472656,-183.99799859268043,2020-04-07T00:00:00,NO,200,0,0.0
JSWSTEEL,2020-07-27T00:00:00,SHORT,194.7843017578125,200.62783081054687,665.5326538085938,-241.6767407858628,2020-07-28T00:00:00,NO,200,0,0.0
KALYANKJIL,2025-01-10T00:00:00,LONG,662.5499877929688,642.6734881591797,512.9000244140625,-22.586969456811513,2025-01-13T00:00:00,NO,200,0,0.0
KALYANKJIL,2025-01-13T00:00:00,LONG,626.75,607.9475,509.70001220703125,-18.67570606987934,2025-01-14T00:00:00,NO,200,0,0.0
KOTAKBANK,2018-11-01T00:00:00,SHORT,220.487060546875,227.10167236328127,294.9862060546875,-33.78844333224451,2018-11-02T00:00:00,NO,200,0,0.0
KOTAKBANK,2018-11-14T00:00:00,SHORT,224.5309600830078,231.26688888549805,293.30615234375,-30.630605345167716,2018-11-15T00:00:00,NO,200,0,0.0
KOTAKBANK,2020-05-18T00:00:00,SHORT,221.4210968017578,228.06372970581054,353.97747802734375,-59.8661930323044,2020-05-19T00:00:00,NO,200,0,0.0
KOTAKBANK,2020-05-26T00:00:00,SHORT,229.2845916748047,236.16312942504882,382.2404479980469,-66.71004588925021,2020-05-27T00:00:00,NO,200,0,0.0
KOTAKBANK,2020-09-30T00:00:00,SHORT,252.14944458007812,259.7139279174805,338.5288391113281,-34.25722181347795,2020-10-01T00:00:00,NO,200,0,0.0
KOTAKBANK,2021-07-30T00:00:00,SHORT,329.0150451660156,338.8854965209961,363.8607177734375,-10.590905528298658,2021-08-04T00:00:00,NO,200,0,0.0
KOTAKBANK,2023-03-16T00:00:00,SHORT,331.11822509765625,341.05177185058596,363.88153076171875,-9.894745495932659,2023-03-29T00:00:00,NO,200,0,0.0
KOTAKBANK,2023-05-31T00:00:00,LONG,400.94256591796875,388.9142889404297,353.0247802734375,-11.951284228159262,2023-06-01T00:00:00,NO,200,0,0.0
KOTAKBANK,2024-05-03T00:00:00,SHORT,308.1135559082031,317.35696258544925,391.5418395996094,-27.07712208425591,2024-05-06T00:00:00,NO,200,0,0.0
KOTAKBANK,2024-06-04T00:00:00,SHORT,326.2911682128906,336.07990325927733,414.6053466796875,-27.066064628870297,2024-06-05T00:00:00,NO,200,0,0.0
KOTAKBANK,2024-11-13T00:00:00,SHORT,336.6001281738281,346.698132019043,389.2679443359375,-15.646998249183818,2024-11-19T00:00:00,NO,200,0,0.0
L&TFH,2020-11-09T00:00:00,SHORT,62.73619079589844,64.61827651977539,83.30000305175781,-32.77822895361985,2020-11-10T00:00:00,NO,200,0,0.0
L&TFH,2020-11-24T00:00:00,SHORT,67.9913330078125,70.03107299804688,87.69999694824219,-28.987023887537365,2020-11-25T00:00:00,NO,200,0,0.0
L&TFH,2021-03-03T00:00:00,LONG,112.30000305175781,108.93100296020508,76.9000015258789,-31.522707536849705,2021-03-05T00:00:00,NO,200,0,0.0
L&TFH,2025-01-14T00:00:00,SHORT,130.88999938964844,134.8166993713379,279.70001220703125,-113.69089579898922,2025-01-15T00:00:00,NO,200,0,0.0
LT,2020-09-24T00:00:00,SHORT,784.273193359375,807.8013891601563,1451.6524658203125,-85.09525483107089,2020-09-25T00:00:00,NO,200,0,0.0
M&MFIN,2020-11-09T00:00:00,SHORT,135.5500030517578,139.61650314331055,160.14999389648438,-18.14827760301371,2020-11-10T00:00:00,NO,200,0,0.0
M&MFIN,2022-03-08T00:00:00,SHORT,134.0500030517578,138.07150314331054,229.10000610351562,-70.90637887942324,2022-03-09T00:00:00,NO,200,0,0.0
MAHABANK,2021-06-07T00:00:00,LONG,28.649999618530273,27.790499629974363,17.450000762939453,-39.092492163060534,2021-06-08T00:00:00,NO,200,0,0.0
MAHABANK,2024-06-04T00:00:00,LONG,72.5,70.325,47.25,-34.82758620689655,2024-06-05T00:00:00,NO,200,0,0.0
MAHABANK,2025-04-08T00:00:00,SHORT,43.619998931884766,44.92859889984131,65.0199966430664,-49.06006014488678,2025-04-09T00:00:00,NO,200,0,0.0
MAHABANK,2025-05-12T00:00:00,SHORT,48.34000015258789,49.79020015716553,71.86000061035156,-48.65535867505479,2025-05-13T00:00:00,NO,200,0,0.0
MANAPPURAM,2023-06-09T00:00:00,SHORT,112.55000305175781,115.92650314331055,183.85000610351562,-63.34962338381229,2023-06-12T00:00:00,NO,200,0,0.0
MANAPPURAM,2024-11-26T00:00:00,SHORT,150.16000366210938,154.66480377197266,291.20001220703125,-93.92648182287651,2024-11-27T00:00:00,NO,200,0,0.0
MANAPPURAM,2025-02-17T00:00:00,SHORT,178.14999389648438,183.49449371337892,275.20001220703125,-54.47657683723449,2025-02-18T00:00:00,NO,200,0,0.0
NATIONALUM,2022-04-21T00:00:00,LONG,119.30000305175781,115.72100296020507,76.69999694824219,-35.70830261004586,2022-04-22T00:00:00,NO,200,0,0.0
NATIONALUM,2022-04-22T00:00:00,LONG,115.1500015258789,111.69550148010254,78.3499984741211,-31.958317467748664,2022-04-25T00:00:00,NO,200,0,0.0
NATIONALUM,2022-09-29T00:00:00,SHORT,67.75,69.7825,92.05000305175781,-35.86716317602629,2022-09-30T00:00:00,NO,200,0,0.0
NATIONALUM,2022-12-27T00:00:00,SHORT,74.05000305175781,76.27150314331055,99.5999984741211,-34.50370610316507,2022-12-28T00:00:00,NO,200,0,0.0
NATIONALUM,2023-03-31T00:00:00,SHORT,77.1500015258789,79.46450157165528,126.75,-64.29034023736662,2023-04-05T00:00:00,NO,200,0,0.0
NATIONALUM,2024-12-19T00:00:00,LONG,226.8800048828125,220.07360473632812,223.6199951171875,-1.4368872070982421,2024-12-20T00:00:00,NO,200,0,0.0
NATIONALUM,2025-04-15T00:00:00,SHORT,143.22000122070312,147.51660125732423,385.45001220703125,-169.13141245757274,2025-04-16T00:00:00,NO,200,0,0.0
NATIONALUM,2025-05-14T00:00:00,SHORT,165.0399932861328,169.9911930847168,361.29998779296875,-118.91662778159258,2025-05-15T00:00:00,NO,200,0,0.0
NHPC,2024-08-05T00:00:00,LONG,103.30999755859375,100.21069763183594,87.05999755859375,-15.729358613897537,2024-08-06T00:00:00,NO,200,0,0.0
NHPC,2024-08-08T00:00:00,LONG,100.55000305175781,97.53350296020507,87.08000183105469,-13.396321046126157,2024-08-12T00:00:00,NO,200,0,0.0
NHPC,2025-03-05T00:00:00,SHORT,73.56999969482422,75.77709968566894,77.80999755859375,-5.763215823511581,2025-03-06T00:00:00,NO,200,0,0.0
NMDC,2020-11-02T00:00:00,SHORT,21.560420989990234,22.20723361968994,39.649139404296875,-83.8977978338392,2020-11-03T00:00:00,NO,200,0,0.0
NMDC,2022-04-11T00:00:00,LONG,44.555641174316406,43.21897193908691,40.79999923706055,-8.429105357417136,2022-04-12T00:00:00,NO,200,0,0.0
NMDC,2022-08-04T00:00:00,SHORT,27.51740074157715,28.342922763824465,35.733333587646484,-29.85722715320111,2022-08-05T00:00:00,NO,200,0,0.0
NMDC,2022-08-05T00:00:00,SHORT,28.414148330688477,29.26657278060913,35.599998474121094,-25.289690402832154,2022-08-10T00:00:00,NO,200,0,0.0
NMDC,2023-07-03T00:00:00,SHORT,34.883331298828125,35.92983123779297,84.08333587646484,-141.04158847721504,2023-07-05T00:00:00,NO,200,0,0.0
NMDC,2023-07-12T00:00:00,SHORT,36.0,37.08,86.93333435058594,-141.48148430718317,2023-07-13T00:00:00,NO,200,0,0.0
NMDC,2024-06-24T00:00:00,LONG,89.9000015258789,87.20300148010254,61.310001373291016,-31.802001854647223,2024-06-26T00:00:00,NO,200,0,0.0
NMDC,2024-12-13T00:00:00,LONG,80.26333618164062,77.8554360961914,76.16000366210938,-5.112337356928658,2024-12-16T00:00:00,NO,200,0,0.0
NMDC,2025-04-11T00:00:00,SHORT,61.310001373291016,63.14930141448975,84.5999984741211,-37.98727218912784,2025-04-15T00:00:00,NO,200,0,0.0
NMDC,2025-09-01T00:00:00,SHORT,68.80000305175781,70.86400314331055,88.41999816894531,-28.517433498407698,2025-09-03T00:00:00,NO,200,0,0.0
NTPC,2020-11-05T00:00:00,SHORT,86.80000305175781,89.40400314331055,113.4000015258789,-30.645158454959763,2020-11-09T00:00:00,NO,200,0,0.0
NTPC,2020-11-06T00:00:00,SHORT,87.30000305175781,89.91900314331055,114.94999694824219,-31.672385944925384,2020-11-10T00:00:00,NO,200,0,0.0
NTPC,2021-02-02T00:00:00,SHORT,94.1500015258789,96.97450157165528,135.1999969482422,-43.60063171223626,2021-02-03T00:00:00,NO,200,0,0.0
NTPC,2022-02-24T00:00:00,SHORT,124.4000015258789,128.13200157165528,169.8000030517578,-36.49517762781888,2022-02-25T00:00:00,NO,200,0,0.0
NTPC,2024-10-23T00:00:00,LONG,415.75,403.2775,336.1499938964844,-19.146122935301413,2024-10-24T00:00:00,NO,200,0,0.0
OIL,2022-06-10T00:00:00,LONG,200.13333129882812,194.12933135986327,175.3000030517578,-12.408391988434223,2022-06-13T00:00:00,NO,200,0,0.0
OIL,2024-09-02T00:00:00,LONG,741.0,718.77,464.8999938964844,-37.260459663092526,2024-09-03T00:00:00,NO,200,0,0.0
ONGC,2020-11-20T00:00:00,SHORT,71.6500015258789,73.79950157165527,123.94999694824219,-72.99371152626327,2020-11-23T00:00:00,NO,200,0,0.0
ONGC,2020-11-24T00:00:00,SHORT,76.0999984741211,78.38299842834473,128.6999969482422,-69.1195788814746,2020-11-25T00:00:00,NO,200,0,0.0
ONGC,2022-04-22T00:00:00,LONG,174.0,168.78,143.89999389648438,-17.298854082480243,2022-04-25T00:00:00,NO,200,0,0.0
ONGC,2022-06-10T00:00:00,LONG,164.64999389648438,159.71049407958984,149.35000610351562,-9.292431436461436,2022-06-13T00:00:00,NO,200,0,0.0
ONGC,2022-07-06T00:00:00,SHORT,120.94999694824219,124.57849685668945,158.9499969482422,-31.417942090780905,2022-07-08T00:00:00,NO,200,0,0.0
ONGC,2024-09-04T00:00:00,LONG,322.20001220703125,312.5340118408203,243.9199981689453,-24.295472089487916,2024-09-05T00:00:00,NO,200,0,0.0
ONGC,2024-09-09T00:00:00,LONG,308.79998779296875,299.5359881591797,242.8300018310547,-21.363338267403964,2024-09-10T00:00:00,NO,200,0,0.0
ONGC,2025-04-11T00:00:00,SHORT,221.94000244140625,228.59820251464845,275.3900146484375,-24.083090753836697,2025-04-15T00:00:00,NO,200,0,0.0
PATANJALI,2022-04-06T00:00:00,SHORT,251.75,259.3025,402.7166748046875,-59.9669016106008,2022-04-07T00:00:00,NO,200,0,0.0
PATANJALI,2022-04-07T00:00:00,SHORT,272.5666809082031,280.74368133544925,387.4333190917969,-42.14258243188547,2022-04-08T00:00:00,NO,200,0,0.0
PAYTM,2022-11-29T00:00:00,SHORT,461.5,475.345,885.1500244140625,-91.7984884970883,2022-11-30T00:00:00,NO,200,0,0.0
PNB,2020-11-24T00:00:00,SHORT,30.399999618530273,31.311999607086182,41.79999923706055,-37.499999215728344,2020-11-25T00:00:00,NO,200,0,0.0
PNB,2020-12-24T00:00:00,SHORT,31.450000762939453,32.39350078582764,46.0,-46.26390742160555,2020-12-28T00:00:00,NO,200,0,0.0
PNB,2021-10-27T00:00:00,LONG,46.29999923706055,44.91099925994873,34.45000076293945,-25.593949609908062,2021-10-28T00:00:00,NO,200,0,0.0
PNB,2022-09-29T00:00:00,SHORT,34.900001525878906,35.94700157165527,62.599998474121094,-79.36961529271625,2022-09-30T00:00:00,NO,200,0,0.0
PNB,2024-06-04T00:00:00,LONG,137.0,132.89,91.30000305175781,-33.3576620060162,2024-06-05T00:00:00,NO,200,0,0.0
PNB,2024-08-02T00:00:00,LONG,122.94999694824219,119.26149703979492,100.37999725341797,-18.35705592113632,2024-08-06T00:00:00,NO,200,0,0.0
PNB,2024-09-06T00:00:00,LONG,113.4000015258789,109.99800148010253,106.25,-6.3051158991803105,2024-09-09T00:00:00,NO,200,0,0.0
POLYCAB,2024-01-12T00:00:00,SHORT,3878.449951171875,3994.803449707031,6632.5498046875,-71.01032340725378,2024-01-15T00:00:00,NO,200,0,0.0
POWERGRID,2020-10-20T00:00:00,SHORT,88.42501831054688,91.07776885986328,129.4499969482422,-46.395216446115306,2020-10-21T00:00:00,NO,200,0,0.0
POWERGRID,2020-10-30T00:00:00,SHORT,96.1875228881836,99.0731485748291,131.7375030517578,-36.959034910276756,2020-11-03T00:00:00,NO,200,0,0.0
POWERGRID,2020-11-02T00:00:00,SHORT,97.34065246582031,100.26087203979492,132.4499969482422,-36.06853210147732,2020-11-03T00:00:00,NO,200,0,0.0
POWERGRID,2022-09-26T00:00:00,SHORT,150.6374969482422,155.15662185668947,180.8625030517578,-20.064729377374537,2022-09-27T00:00:00,NO,200,0,0.0
POWERGRID,2024-09-27T00:00:00,LONG,365.45001220703125,354.4865118408203,296.6000061035156,-18.839787605345975,2024-09-30T00:00:00,NO,200,0,0.0
POWERGRID,2025-03-05T00:00:00,SHORT,254.0,261.62,268.04998779296875,-5.531491257074311,2025-03-06T00:00:00,NO,200,0,0.0
POWERGRID,2025-04-22T00:00:00,LONG,320.0,310.4,289.3500061035156,-9.578123092651367,2025-04-24T00:00:00,NO,200,0,0.0
RECLTD,2022-10-28T00:00:00,SHORT,96.5,99.395,235.10000610351562,-143.62694933006802,2022-10-31T00:00:00,NO,200,0,0.0
RELIANCE,2020-03-23T00:00:00,SHORT,393.6623840332031,405.47225555419925,862.5869140625,-119.11844998371646,2020-03-24T00:00:00,NO,200,0,0.0
RELIANCE,2020-03-30T00:00:00,SHORT,458.8534240722656,472.6190267944336,884.90576171875,-92.8515110261844,2020-03-31T00:00:00,NO,200,0,0.0
RELIANCE,2020-04-21T00:00:00,SHORT,550.98486328125,567.5144091796875,869.1990966796875,-57.75371604646155,2020-04-22T00:00:00,NO,200,0,0.0
RELIANCE,2021-04-23T00:00:00,SHORT,859.517822265625,885.3033569335938,1067.09716796875,-24.150673822674356,2021-04-26T00:00:00,NO,200,0,0.0
RELIANCE,2022-06-09T00:00:00,LONG,1267.6038818359375,1229.5757653808594,1021.4815673828125,-19.416342753435963,2022-06-10T00:00:00,NO,200,0,0.0
RELIANCE,2023-03-29T00:00:00,SHORT,1015.4380493164062,1045.9011907958984,1312.7442626953125,-29.278616610737902,2023-03-31T00:00:00,NO,200,0,0.0
RELIANCE,2023-10-27T00:00:00,SHORT,1119.4007568359375,1152.9827795410156,1487.1322021484375,-32.85074117261792,2023-11-03T00:00:00,NO,200,0,0.0
RELIANCE,2025-04-11T00:00:00,SHORT,1208.5133056640625,1244.7687048339844,1388.9779052734375,-14.932777220041613,2025-04-17T00:00:00,NO,200,0,0.0
RELIANCE,2025-04-25T00:00:00,SHORT,1289.2659912109375,1327.9439709472656,1461.9405517578125,-13.393245592764854,2025-04-28T00:00:00,NO,200,0,0.0
SAIL,2021-05-10T00:00:00,LONG,146.3000030517578,141.91100296020508,85.0,-41.900206270037586,2021-05-11T00:00:00,NO,200,0,0.0
SAIL,2021-11-08T00:00:00,LONG,124.6500015258789,120.91050148010254,81.69999694824219,-34.456481389388316,2021-11-09T00:00:00,NO,200,0,0.0
SAIL,2022-04-11T00:00:00,LONG,109.94999694824219,106.65149703979492,86.8499984741211,-21.009548990706364,2022-04-12T00:00:00,NO,200,0,0.0
SAIL,2022-12-27T00:00:00,SHORT,76.6500015258789,78.94950157165528,89.5,-16.764511700345658,2022-12-28T00:00:00,NO,200,0,0.0
SAIL,2024-08-05T00:00:00,LONG,146.22999572753906,141.84309585571287,127.79000091552734,-12.610268310730019,2024-08-06T00:00:00,NO,200,0,0.0
SAIL,2025-04-11T00:00:00,SHORT,104.97000122070312,108.11910125732422,157.17999267578125,-49.73801166802387,2025-04-15T00:00:00,NO,200,0,0.0
SBIN,2018-04-26T00:00:00,SHORT,211.3675994873047,217.70862747192385,238.3323974609375,-12.757299623517932,2018-04-27T00:00:00,NO,200,0,0.0
SBIN,2018-05-18T00:00:00,SHORT,216.4886474609375,222.98330688476562,260.447998046875,-20.30561468303754,2018-05-22T00:00:00,NO,200,0,0.0
SBIN,2018-10-26T00:00:00,SHORT,224.87265014648438,231.61882965087892,243.40809631347656,-8.242641403887047,2018-10-29T00:00:00,NO,200,0,0.0
SBIN,2019-11-28T00:00:00,LONG,316.59814453125,307.1002001953125,179.6443328857422,-43.257932496186726,2019-12-02T00:00:00,NO,200,0,0.0
SBIN,2020-01-02T00:00:00,LONG,307.5343933105469,298.3083615112305,184.6747283935547,-39.9498942522923,2020-01-06T00:00:00,NO,200,0,0.0
SBIN,2020-09-25T00:00:00,SHORT,165.14227294921875,170.0965411376953,394.8963928222656,-139.1249592063543,2020-09-28T00:00:00,NO,200,0,0.0
SBIN,2020-09-30T00:00:00,SHORT,168.0426788330078,173.08395919799804,385.0170593261719,-129.11861558026106,2020-10-01T00:00:00,NO,200,0,0.0
SBIN,2020-10-30T00:00:00,SHORT,171.53224182128906,176.67820907592773,372.0277404785156,-116.88502203924607,2020-11-02T00:00:00,NO,200,0,0.0
SBIN,2022-06-20T00:00:00,SHORT,403.8462829589844,415.96167144775393,494.3330078125,-22.406229466944403,2022-06-21T00:00:00,NO,200,0,0.0
SBIN,2022-06-23T00:00:00,SHORT,419.36090087890625,431.94172790527347,505.3884582519531,-20.51396713254582,2022-06-28T00:00:00,NO,200,0,0.0
SBIN,2023-03-29T00:00:00,SHORT,479.84033203125,494.2355419921875,573.0757446289062,-19.430507686374355,2023-04-06T00:00:00,NO,200,0,0.0
SBIN,2023-10-26T00:00:00,SHORT,518.0506591796875,533.5921789550781,789.9146728515625,-52.478268071767495,2023-10-30T00:00:00,NO,200,0,0.0
SBIN,2023-11-30T00:00:00,SHORT,534.8612670898438,550.907105102539,768.6814575195312,-43.71604466741305,2023-12-04T00:00:00,NO,200,0,0.0
SBIN,2024-06-03T00:00:00,LONG,872.1032104492188,845.9401141357422,721.7853393554688,-17.23624787670734,2024-06-04T00:00:00,NO,200,0,0.0
SBIN,2025-03-04T00:00:00,SHORT,689.5262451171875,710.2120324707031,951.7938842773438,-38.0359182869947,2025-03-10T00:00:00,NO,200,0,0.0
SBIN,2025-04-09T00:00:00,SHORT,714.7077026367188,736.1489337158204,1047.3218994140625,-46.53849336592492,2025-04-15T00:00:00,NO,200,0,0.0
SUZLON,2020-11-10T00:00:00,SHORT,2.754641056060791,2.837280287742615,5.555193901062012,-101.66670676890604,2020-11-11T00:00:00,NO,200,0,0.0
SUZLON,2022-08-04T00:00:00,SHORT,6.5193190574646,6.7148986291885375,10.649999618530273,-63.36061365697477,2022-08-05T00:00:00,NO,200,0,0.0
SUZLON,2022-10-14T00:00:00,SHORT,6.699999809265137,6.900999803543091,18.399999618530273,-174.62686779611124,2022-10-17T00:00:00,NO,200,0,0.0
SUZLON,2024-09-25T00:00:00,LONG,83.79000091552734,81.27630088806153,67.16999816894531,-19.835305603275312,2024-09-30T00:00:00,NO,200,0,0.0
TATAPOWER,2023-03-31T00:00:00,SHORT,185.5,191.065,346.20001220703125,-86.63073434341307,2023-04-03T00:00:00,NO,200,0,0.0
TATAPOWER,2023-04-03T00:00:00,SHORT,190.25,195.9575,356.95001220703125,-87.62155700763797,2023-04-05T00:00:00,NO,200,0,0.0
TATAPOWER,2024-10-03T00:00:00,LONG,481.25,466.8125,399.1499938964844,-17.059741528003247,2024-10-04T00:00:00,NO,200,0,0.0
TATASTEEL,2021-08-18T00:00:00,LONG,150.0449981689453,145.54364822387694,104.48500061035156,-30.364222809543325,2021-08-20T00:00:00,NO,200,0,0.0
TATASTEEL,2022-07-06T00:00:00,SHORT,85.81500244140625,88.38945251464844,107.94999694824219,-25.79385174748381,2022-07-07T00:00:00,NO,200,0,0.0
TATASTEEL,2022-07-19T00:00:00,SHORT,91.94499969482422,94.70334968566895,106.75,-16.10201789582385,2022-07-25T00:00:00,NO,200,0,0.0
TATASTEEL,2022-09-28T00:00:00,SHORT,95.19999694824219,98.05599685668946,116.94999694824219,-22.846639387840444,2022-09-29T00:00:00,NO,200,0,0.0
TATASTEEL,2023-06-02T00:00:00,SHORT,105.94999694824219,109.12849685668945,151.8000030517578,-43.27513678543463,2023-06-06T00:00:00,NO,200,0,0.0
TATASTEEL,2024-06-21T00:00:00,LONG,182.27999877929688,176.81159881591796,130.27999877929688,-28.527540239322235,2024-06-25T00:00:00,NO,200,0,0.0
TATASTEEL,2024-06-24T00:00:00,LONG,179.94000244140625,174.54180236816407,127.18000030517578,-29.320885528725427,2024-06-27T00:00:00,NO,200,0,0.0
TATASTEEL,2024-07-05T00:00:00,LONG,176.2899932861328,171.00129348754882,138.85000610351562,-21.23772681858867,2024-07-11T00:00:00,NO,200,0,0.0
TATASTEEL,2025-01-14T00:00:00,SHORT,122.93000030517578,126.61790031433105,182.6699981689453,-48.59676052669323,2025-01-15T00:00:00,NO,200,0,0.0
TATASTEEL,2025-04-15T00:00:00,SHORT,133.4199981689453,137.42259811401368,193.1300048828125,-44.75341592964077,2025-04-17T00:00:00,NO,200,0,0.0
TATASTEEL,2025-05-12T00:00:00,SHORT,142.77999877929688,147.0633987426758,209.1300048828125,-46.47009852274658,2025-05-13T00:00:00,NO,200,0,0.0
TRIDENT,2023-03-31T00:00:00,SHORT,26.25,27.0375,42.95000076293945,-63.61905052548364,2023-04-03T00:00:00,NO,200,0,0.0
TRIDENT,2024-01-10T00:00:00,LONG,49.650001525878906,48.16050148010254,35.130001068115234,-29.244713014148573,2024-01-11T00:00:00,NO,200,0,0.0
UNIONBANK,2025-01-14T00:00:00,SHORT,101.25,104.28750000000001,150.8800048828125,-49.01728877314815,2025-01-15T00:00:00,NO,200,0,0.0
UNIONBANK,2025-09-01T00:00:00,SHORT,124.81999969482422,128.56459968566895,175.75999450683594,-40.81076344861103,2025-09-03T00:00:00,NO,200,0,0.0
VEDL,2020-11-18T00:00:00,SHORT,108.9000015258789,112.16700157165528,301.8500061035156,-177.18090162908237,2020-11-19T00:00:00,NO,200,0,0.0
VEDL,2022-05-06T00:00:00,LONG,360.3999938964844,349.58799407958986,308.04998779296875,-14.525529131543719,2022-05-09T00:00:00,NO,200,0,0.0
VEDL,2023-05-30T00:00:00,LONG,300.3500061035156,291.33950592041015,266.6499938964844,-11.220246886033538,2023-05-31T00:00:00,NO,200,0,0.0
VEDL,2023-09-29T00:00:00,SHORT,208.35000610351562,214.6005062866211,444.5,-113.34292631561371,2023-10-03T00:00:00,NO,200,0,0.0
VEDL,2025-04-11T00:00:00,SHORT,370.54998779296875,381.66648742675784,766.3499755859375,-106.81419533984912,2025-04-15T00:00:00,NO,200,0,0.0
VEDL,2025-04-15T00:00:00,SHORT,380.1499938964844,391.5544937133789,681.5499877929688,-79.28449263070519,2025-04-16T00:00:00,NO,200,0,0.0
WIPRO,2022-01-18T00:00:00,LONG,316.6499938964844,307.15049407958986,194.4499969482422,-38.59150459614107,2022-01-20T00:00:00,NO,200,0,0.0
WIPRO,2023-11-13T00:00:00,SHORT,189.64999389648438,195.3394937133789,260.29998779296875,-37.25283214880928,2023-11-16T00:00:00,NO,200,0,0.0
WIPRO,2024-06-05T00:00:00,SHORT,219.0749969482422,225.64724685668946,264.29998779296875,-20.643611308784475,2024-06-06T00:00:00,NO,200,0,0.0
YESBANK,2023-11-03T00:00:00,SHORT,16.049999237060547,16.531499214172364,23.729999542236328,-47.85047146570658,2023-11-06T00:00:00,NO,200,0,0.0
YESBANK,2024-08-02T00:00:00,LONG,26.280000686645508,25.491600666046143,21.149999618530273,-19.520551499536698,2024-08-05T00:00:00,NO,200,0,0.0
ZOMATO,2023-02-03T00:00:00,SHORT,47.5,48.925000000000004,113.80000305175781,-139.57895379317432,2023-02-06T00:00:00,NO,200,0,0.0
ZOMATO,2023-04-25T00:00:00,SHORT,56.0,57.68,154.75,-176.33928571428572,2023-04-26T00:00:00,NO,200,0,0.0
ZOMATO,2023-04-27T00:00:00,SHORT,58.20000076293945,59.946000785827636,154.85000610351562,-166.06529909553004,2023-04-28T00:00:00,NO,200,0,0.0
ZOMATO,2025-10-17T00:00:00,LONG,347.8500061035156,337.41450592041014,310.3500061035156,-10.78050865085812,2025-10-20T00:00:00,NO,200,0,0.0
