symbol,signal_date,direction,probability,entry,target,stop,exit,outcome,holding_period,exit_date,exit_reason,profit_pct
ADANIENT,2023-02-28T00:00:00,SHORT,0.58375,1361.373046875,1320.5318554687499,1402.2142382812501,2804.607666015625,EXPIRED,1,2023-12-22T00:00:00+00:00,EXPIRED,-106.01316240640553
ADANIPORTS,2021-06-11T00:00:00,LONG,0.709,839.75,864.9425,814.5575,774.2000122070312,EXPIRED,1,2022-03-31T00:00:00+00:00,EXPIRED,-7.805893157840875
ADANIPOWER,2020-11-20T00:00:00,SHORT,0.5775,7.599999904632568,7.371999907493591,7.827999901771546,19.84000015258789,EXPIRED,1,2021-09-14T00:00:00+00:00,EXPIRED,-161.05263686246164
ADANIPOWER,2020-11-27T00:00:00,SHORT,0.6085,7.699999809265137,7.468999814987183,7.930999803543091,18.90999984741211,EXPIRED,1,2021-09-21T00:00:00+00:00,EXPIRED,-145.58441968606775
ADANIPOWER,2021-08-24T00:00:00,SHORT,0.54,15.449999809265137,14.986499814987182,15.913499803543091,53.33000183105469,EXPIRED,1,2022-06-14T00:00:00+00:00,EXPIRED,-245.17800964032034
ADANIPOWER,2022-08-22T00:00:00,LONG,0.6185,86.5,89.095,83.905,53.560001373291016,EXPIRED,1,2023-06-14T00:00:00+00:00,EXPIRED,-38.08092326787166
ADANIPOWER,2022-09-23T00:00:00,LONG,0.53925,77.12000274658203,79.43360282897949,74.80640266418457,49.13999938964844,EXPIRED,1,2023-07-18T00:00:00+00:00,EXPIRED,-36.281123392690326
ADANIPOWER,2022-11-15T00:00:00,LONG,0.538,71.95999908447266,74.11879905700684,69.80119911193847,66.05000305175781,EXPIRED,1,2023-09-04T00:00:00+00:00,EXPIRED,-8.212890644672184
ADANIPOWER,2023-03-01T00:00:00,SHORT,0.634,29.260000228881836,28.38220022201538,30.13780023574829,102.51000213623047,EXPIRED,1,2023-12-26T00:00:00+00:00,EXPIRED,-250.34176806001983
ADANIPOWER,2023-03-31T00:00:00,SHORT,0.7235,36.5,35.405,37.595,103.51000213623047,EXPIRED,1,2024-01-24T00:00:00+00:00,EXPIRED,-183.58904694857662
ADANIPOWER,2024-06-04T00:00:00,LONG,0.69025,174.89999389648438,180.14699371337892,169.65299407958983,103.93000030517578,EXPIRED,1,2025-03-21T00:00:00+00:00,EXPIRED,-40.57747059345961
ADANIPOWER,2024-08-05T00:00:00,LONG,0.57475,145.27000427246094,149.62810440063478,140.9119041442871,111.72000122070312,EXPIRED,1,2025-05-27T00:00:00+00:00,EXPIRED,-23.094928109751518
ADANIPOWER,2025-01-14T00:00:00,SHORT,0.522,89.9800033569336,87.28060325622559,92.6794034576416,156.72999572753906,EXPIRED,1,2025-11-04T00:00:00+00:00,EXPIRED,-74.183140564933
ADANIPOWER,2025-05-12T00:00:00,SHORT,0.6467499999999999,102.4000015258789,99.32800148010254,105.47200157165527,144.30999755859375,EXPIRED,1,2026-02-25T00:00:00+00:00,EXPIRED,-40.92772989082739
APOLLOTYRE,2021-03-04T00:00:00,LONG,0.626,259.04998779296875,266.8214874267578,251.2784881591797,208.89999389648438,EXPIRED,1,2021-12-27T00:00:00+00:00,EXPIRED,-19.359195622338326
ASHOKLEY,2022-03-08T00:00:00,SHORT,0.5855,49.650001525878906,48.16050148010254,51.13950157165527,70.92500305175781,EXPIRED,1,2022-12-28T00:00:00+00:00,EXPIRED,-42.849951403908435
ASHOKLEY,2022-03-14T00:00:00,SHORT,0.528,53.650001525878906,52.040501480102535,55.25950157165528,74.32499694824219,EXPIRED,1,2023-01-03T00:00:00+00:00,EXPIRED,-38.53680304629699
ASHOKLEY,2022-05-12T00:00:00,SHORT,0.59,58.724998474121094,56.96324851989746,60.486748428344725,70.625,EXPIRED,1,2023-02-28T00:00:00+00:00,EXPIRED,-20.263945227896418
ASHOKLEY,2023-04-06T00:00:00,SHORT,0.56325,67.375,65.35375,69.39625,86.8499984741211,EXPIRED,1,2024-01-30T00:00:00+00:00,EXPIRED,-28.90537806919643
ASHOKLEY,2023-04-28T00:00:00,SHORT,0.53175,71.0999984741211,68.96699851989746,73.23299842834473,87.0999984741211,EXPIRED,1,2024-02-19T00:00:00+00:00,EXPIRED,-22.50351665735079
ASHOKLEY,2024-03-21T00:00:00,SHORT,0.536,80.7750015258789,78.35175148010254,83.19825157165528,101.2249984741211,EXPIRED,1,2025-01-14T00:00:00+00:00,EXPIRED,-25.317234988464055
ASHOKLEY,2024-04-22T00:00:00,SHORT,0.5475,84.67500305175781,82.13475296020508,87.21525314331055,105.51000213623047,EXPIRED,1,2025-02-06T00:00:00+00:00,EXPIRED,-24.605843913270615
ATGL,2024-06-04T00:00:00,LONG,0.65975,1119.4000244140625,1152.9820251464844,1085.8180236816406,619.6500244140625,EXPIRED,1,2025-03-21T00:00:00+00:00,EXPIRED,-44.64445141151293
AXISBANK,2017-10-23T00:00:00,SHORT,0.52225,447.178466796875,433.76311279296874,460.59382080078126,592.6270141601562,EXPIRED,1,2018-08-08T00:00:00+00:00,EXPIRED,-32.52583882339517
AXISBANK,2017-10-24T00:00:00,SHORT,0.5595,449.1661376953125,435.6911535644531,462.6411218261719,617.2244873046875,EXPIRED,1,2018-08-09T00:00:00+00:00,EXPIRED,-37.41563210256418
AXISBANK,2020-04-03T00:00:00,SHORT,0.5615,323.8470458984375,314.1316345214844,333.5624572753906,665.4561157226562,EXPIRED,1,2021-01-19T00:00:00+00:00,EXPIRED,-105.48469536799531
AXISBANK,2020-09-30T00:00:00,SHORT,0.55825,422.55841064453125,409.8816583251953,435.2351629638672,742.0768432617188,EXPIRED,1,2021-07-20T00:00:00+00:00,EXPIRED,-75.61521071840076
AXISBANK,2020-10-15T00:00:00,SHORT,0.69775,460.32147216796875,446.5118280029297,474.1311163330078,750.087158203125,EXPIRED,1,2021-08-04T00:00:00+00:00,EXPIRED,-62.94854868934342
AXISBANK,2020-10-30T00:00:00,SHORT,0.532,490.0742492675781,475.3720217895508,504.77647674560546,736.6039428710938,EXPIRED,1,2021-08-20T00:00:00+00:00,EXPIRED,-50.30455976251705
AXISBANK,2021-10-26T00:00:00,LONG,0.6832499999999999,837.7532958984375,862.8858947753906,812.6206970214844,757.9559326171875,EXPIRED,1,2022-08-12T00:00:00+00:00,EXPIRED,-9.525162559422983
AXISBANK,2022-07-07T00:00:00,SHORT,0.58,655.9052124023438,636.2280560302734,675.5823687744141,867.6804809570312,EXPIRED,1,2023-05-02T00:00:00+00:00,EXPIRED,-32.287480652735056
AXISBANK,2022-07-19T00:00:00,SHORT,0.608,698.2103271484375,677.2640173339844,719.1566369628906,907.5440673828125,EXPIRED,1,2023-05-12T00:00:00+00:00,EXPIRED,-29.98147293084527
BAJFINANCE,2018-10-23T00:00:00,SHORT,0.7162499999999999,202.0112762451172,195.95093795776367,208.0716145324707,323.2687683105469,EXPIRED,1,2019-08-19T00:00:00+00:00,EXPIRED,-60.02511063704079
BAJFINANCE,2020-05-29T00:00:00,SHORT,0.67925,190.2031707763672,184.49707565307617,195.9092658996582,539.8541870117188,EXPIRED,1,2021-03-10T00:00:00+00:00,EXPIRED,-183.83027728094837
BAJFINANCE,2020-06-01T00:00:00,SHORT,0.68625,210.375732421875,204.06446044921876,216.68700439453124,541.100341796875,EXPIRED,1,2021-03-12T00:00:00+00:00,EXPIRED,-157.20663479939049
BAJFINANCE,2020-06-18T00:00:00,SHORT,0.61825,245.9210662841797,238.5434342956543,253.29869827270508,513.28515625,EXPIRED,1,2021-04-01T00:00:00+00:00,EXPIRED,-108.71947410022274
BAJFINANCE,2020-06-19T00:00:00,SHORT,0.6659999999999999,262.72991943359375,254.84802185058592,270.61181701660155,483.13836669921875,EXPIRED,1,2021-04-05T00:00:00+00:00,EXPIRED,-83.89164345682155
BAJFINANCE,2020-07-03T00:00:00,SHORT,0.63125,285.4045715332031,276.84243438720705,293.9667086791992,449.175048828125,EXPIRED,1,2021-04-20T00:00:00+00:00,EXPIRED,-57.38186897818114
BAJFINANCE,2021-04-19T00:00:00,SHORT,0.5559999999999999,436.1242370605469,423.04050994873046,449.2079641723633,693.3963012695312,EXPIRED,1,2022-02-03T00:00:00+00:00,EXPIRED,-58.99054497474935
BAJFINANCE,2023-03-31T00:00:00,SHORT,0.67075,549.712646484375,533.2212670898438,566.2040258789062,693.43798828125,EXPIRED,1,2024-01-24T00:00:00+00:00,EXPIRED,-26.14554035022737
BANDHANBNK,2022-09-15T00:00:00,LONG,0.7244999999999999,304.6000061035156,313.7380062866211,295.46200592041015,230.25,EXPIRED,1,2023-07-10T00:00:00+00:00,EXPIRED,-24.409062578366605
BANDHANBNK,2023-03-31T00:00:00,SHORT,0.69875,189.89999389648438,184.20299407958984,195.5969937133789,223.6999969482422,EXPIRED,1,2024-01-24T00:00:00+00:00,EXPIRED,-17.798843674625076
BANKBARODA,2020-12-02T00:00:00,SHORT,0.53625,54.099998474121094,52.47699851989746,55.72299842834473,79.6500015258789,EXPIRED,1,2021-09-23T00:00:00+00:00,EXPIRED,-47.22736371976006
BANKBARODA,2021-04-23T00:00:00,SHORT,0.53525,62.95000076293945,61.061500740051265,64.83850078582763,114.8499984741211,EXPIRED,1,2022-02-09T00:00:00+00:00,EXPIRED,-82.44638138548954
BANKBARODA,2022-06-20T00:00:00,SHORT,0.6,91.1500015258789,88.41550148010253,93.88450157165528,170.85000610351562,EXPIRED,1,2023-04-12T00:00:00+00:00,EXPIRED,-87.4382920937293
BANKBARODA,2024-07-08T00:00:00,LONG,0.5625,273.79998779296875,282.0139874267578,265.5859881591797,252.5500030517578,EXPIRED,1,2025-04-29T00:00:00+00:00,EXPIRED,-7.761134290947782
BANKBARODA,2025-05-12T00:00:00,SHORT,0.7255,220.08999633789062,213.4872964477539,226.69269622802736,313.1000061035156,EXPIRED,1,2026-02-25T00:00:00+00:00,EXPIRED,-42.259989692049636
BANKINDIA,2023-02-28T00:00:00,SHORT,0.54575,66.9000015258789,64.89300148010254,68.90700157165527,109.5,EXPIRED,1,2023-12-22T00:00:00+00:00,EXPIRED,-63.67712631163715
BANKINDIA,2023-03-28T00:00:00,SHORT,0.61975,69.05000305175781,66.97850296020508,71.12150314331055,134.35000610351562,EXPIRED,1,2024-01-19T00:00:00+00:00,EXPIRED,-94.5691530278585
BANKINDIA,2024-05-13T00:00:00,LONG,0.542,138.75,142.9125,134.5875,98.08000183105469,EXPIRED,1,2025-02-27T00:00:00+00:00,EXPIRED,-29.31171039203266
BEL,2020-11-04T00:00:00,SHORT,0.65625,29.633333206176758,28.744333209991453,30.522333202362063,60.43333435058594,EXPIRED,1,2021-08-26T00:00:00+00:00,EXPIRED,-103.93701218190752
BEL,2022-02-24T00:00:00,SHORT,0.71875,62.61666488647461,60.73816493988037,64.49516483306886,99.44999694824219,EXPIRED,1,2022-12-19T00:00:00+00:00,EXPIRED,-58.8235290534033
BEL,2023-03-31T00:00:00,SHORT,0.6305,91.55000305175781,88.80350296020508,94.29650314331055,187.10000610351562,EXPIRED,1,2024-01-24T00:00:00+00:00,EXPIRED,-104.36919701437759
BEL,2025-04-08T00:00:00,SHORT,0.60675,272.1000061035156,263.9370059204102,280.2630062866211,415.95001220703125,EXPIRED,1,2026-01-28T00:00:00+00:00,EXPIRED,-52.86659422153428
BHARTIARTL,2020-10-30T00:00:00,SHORT,0.679,410.94537353515625,398.61701232910156,423.27373474121094,581.4344482421875,EXPIRED,1,2021-08-20T00:00:00+00:00,EXPIRED,-41.48704078121126
BHARTIARTL,2020-11-06T00:00:00,SHORT,0.669,426.2463073730469,413.45891815185547,439.0336965942383,563.8597412109375,EXPIRED,1,2021-08-27T00:00:00+00:00,EXPIRED,-32.28495624654236
BHARTIARTL,2021-03-25T00:00:00,SHORT,0.6074999999999999,481.0548095703125,466.6231652832031,495.4864538574219,706.3424682617188,EXPIRED,1,2022-01-13T00:00:00+00:00,EXPIRED,-46.832014608197674
BHEL,2020-11-20T00:00:00,SHORT,0.7162499999999999,29.200000762939453,28.324000740051268,30.076000785827638,58.0,EXPIRED,1,2021-09-14T00:00:00+00:00,EXPIRED,-98.63013179648068
BHEL,2022-06-20T00:00:00,SHORT,0.59975,42.099998474121094,40.83699851989746,43.362998428344724,71.94999694824219,EXPIRED,1,2023-04-12T00:00:00+00:00,EXPIRED,-70.90261177199308
BHEL,2022-07-15T00:00:00,SHORT,0.52725,49.54999923706055,48.06349925994873,51.036499214172366,80.5999984741211,EXPIRED,1,2023-05-11T00:00:00+00:00,EXPIRED,-62.663975207161926
BHEL,2024-09-30T00:00:00,LONG,0.56975,287.54998779296875,296.17648742675783,278.92348815917967,250.5,EXPIRED,1,2025-07-21T00:00:00+00:00,EXPIRED,-12.88471200341143
BHEL,2024-10-03T00:00:00,LONG,0.6185,280.45001220703125,288.8635125732422,272.0365118408203,250.5,EXPIRED,1,2025-07-23T00:00:00+00:00,EXPIRED,-10.67926935404154
BIOCON,2023-03-31T00:00:00,SHORT,0.5297499999999999,201.60000610351562,195.55200592041015,207.6480062866211,262.5,EXPIRED,1,2024-01-24T00:00:00+00:00,EXPIRED,-30.208329391227316
BPCL,2020-12-23T00:00:00,SHORT,0.7204999999999999,187.1999969482422,181.58399703979492,192.81599685668945,229.64999389648438,EXPIRED,1,2021-10-14T00:00:00+00:00,EXPIRED,-22.67628079074111
BPCL,2021-09-15T00:00:00,LONG,0.5765,244.97500610351562,252.3242562866211,237.62575592041014,156.5500030517578,EXPIRED,1,2022-07-05T00:00:00+00:00,EXPIRED,-36.09552029744345
BPCL,2022-04-21T00:00:00,LONG,0.6905,198.85000610351562,204.8155062866211,192.88450592041016,166.0749969482422,EXPIRED,1,2023-02-08T00:00:00+00:00,EXPIRED,-16.482277168355584
BPCL,2022-10-20T00:00:00,SHORT,0.6487499999999999,148.5500030517578,144.0935029602051,153.00650314331054,181.3249969482422,EXPIRED,1,2023-08-11T00:00:00+00:00,EXPIRED,-22.063273795467314
BPCL,2023-11-01T00:00:00,SHORT,0.533,174.625,169.38625,179.86375,349.04998779296875,EXPIRED,1,2024-08-28T00:00:00+00:00,EXPIRED,-99.8854618714209
CANBK,2020-10-30T00:00:00,SHORT,0.55375,17.239999771118164,16.72279977798462,17.75719976425171,30.579999923706055,EXPIRED,1,2021-08-23T00:00:00+00:00,EXPIRED,-77.37819216759002
CANBK,2020-11-26T00:00:00,SHORT,0.532,20.0,19.4,20.6,30.989999771118164,EXPIRED,1,2021-09-20T00:00:00+00:00,EXPIRED,-54.94999885559082
CANBK,2020-11-27T00:00:00,SHORT,0.6445,20.760000228881836,20.13720022201538,21.38280023574829,30.989999771118164,EXPIRED,1,2021-09-21T00:00:00+00:00,EXPIRED,-49.27745389908086
CANBK,2021-04-23T00:00:00,SHORT,0.69625,26.100000381469727,25.317000370025635,26.883000392913818,52.04999923706055,EXPIRED,1,2022-02-09T00:00:00+00:00,EXPIRED,-99.42528151844242
CANBK,2022-06-20T00:00:00,SHORT,0.714,34.90999984741211,33.862699851989746,35.95729984283447,57.58000183105469,EXPIRED,1,2023-04-12T00:00:00+00:00,EXPIRED,-64.93841902816024
CANBK,2022-07-01T00:00:00,SHORT,0.6375,36.970001220703125,35.86090118408203,38.07910125732422,61.540000915527344,EXPIRED,1,2023-04-26T00:00:00+00:00,EXPIRED,-66.45928829741307
CANBK,2022-07-06T00:00:00,SHORT,0.65675,38.54999923706055,37.393499259948726,39.70649921417237,63.4900016784668,EXPIRED,1,2023-05-02T00:00:00+00:00,EXPIRED,-64.69520865108048
CANBK,2024-06-04T00:00:00,LONG,0.538,128.25,132.0975,124.4025,85.83999633789062,EXPIRED,1,2025-03-21T00:00:00+00:00,EXPIRED,-33.0682289763036
CANBK,2025-04-15T00:00:00,SHORT,0.5215,90.54000091552734,87.82380088806153,93.25620094299316,147.4199981689453,EXPIRED,1,2026-02-02T00:00:00+00:00,EXPIRED,-62.82305796140457
CANBK,2025-09-01T00:00:00,SHORT,0.61625,103.83000183105469,100.71510177612305,106.94490188598633,133.74000549316406,EXPIRED,1,2026-06-22T00:00:00+00:00,EXPIRED,-28.8067062839669
COALINDIA,2020-10-29T00:00:00,SHORT,0.55475,110.8499984741211,107.52449851989746,114.17549842834472,135.60000610351562,EXPIRED,1,2021-08-20T00:00:00+00:00,EXPIRED,-22.327476743423354
COALINDIA,2020-11-23T00:00:00,SHORT,0.5565,122.75,119.0675,126.4325,161.0500030517578,EXPIRED,1,2021-09-15T00:00:00+00:00,EXPIRED,-31.201631814059315
COALINDIA,2021-05-03T00:00:00,SHORT,0.7105,132.1999969482422,128.23399703979493,136.16599685668945,163.0500030517578,EXPIRED,1,2022-02-17T00:00:00+00:00,EXPIRED,-23.335859921081354
COALINDIA,2022-02-24T00:00:00,SHORT,0.64225,150.0,145.5,154.5,224.64999389648438,EXPIRED,1,2022-12-19T00:00:00+00:00,EXPIRED,-49.76666259765625
COALINDIA,2024-10-28T00:00:00,LONG,0.62575,461.1000061035156,474.9330062866211,447.26700592041016,384.45001220703125,EXPIRED,1,2025-08-18T00:00:00+00:00,EXPIRED,-16.623290583795107
DELHIVERY,2025-04-21T00:00:00,SHORT,0.6625,281.04998779296875,272.61848815917966,289.48148742675784,448.29998779296875,EXPIRED,1,2026-02-05T00:00:00+00:00,EXPIRED,-59.508986751211744
FEDERALBNK,2023-06-30T00:00:00,SHORT,0.67625,122.1500015258789,118.48550148010254,125.81450157165527,153.60000610351562,EXPIRED,1,2024-04-25T00:00:00+00:00,EXPIRED,-25.747035763215827
GAIL,2020-11-09T00:00:00,SHORT,0.67625,57.666664123535156,55.9366641998291,59.39666404724121,97.43333435058594,EXPIRED,1,2021-08-31T00:00:00+00:00,EXPIRED,-68.95954678748453
GAIL,2020-11-10T00:00:00,SHORT,0.53525,60.133331298828125,58.32933135986328,61.93733123779297,96.53333282470703,EXPIRED,1,2021-09-01T00:00:00+00:00,EXPIRED,-60.532155361544504
GAIL,2022-04-22T00:00:00,LONG,0.5559999999999999,109.46666717529297,112.75066719055177,106.18266716003417,95.80000305175781,EXPIRED,1,2023-02-09T00:00:00+00:00,EXPIRED,-12.484772283831596
GAIL,2024-10-17T00:00:00,LONG,0.5782499999999999,231.86000061035156,238.81580062866212,224.904200592041,171.33999633789062,EXPIRED,1,2025-08-06T00:00:00+00:00,EXPIRED,-26.101959852129397
GMRINFRA,2022-08-24T00:00:00,SHORT,0.5742499999999999,33.70000076293945,32.68900074005127,34.711000785827636,43.25,EXPIRED,1,2023-06-16T00:00:00+00:00,EXPIRED,-28.338276026280884
GMRINFRA,2024-08-02T00:00:00,LONG,0.57575,101.5199966430664,104.5655965423584,98.4743967437744,86.86000061035156,EXPIRED,1,2025-05-26T00:00:00+00:00,EXPIRED,-14.440500903736082
GMRINFRA,2025-04-01T00:00:00,SHORT,0.7255,75.7300033569336,73.45810325622558,78.0019034576416,100.2300033569336,EXPIRED,1,2026-01-20T00:00:00+00:00,EXPIRED,-32.351774612402494
HDFCBANK,2018-11-13T00:00:00,SHORT,0.6145,445.28759765625,431.9289697265625,458.6462255859375,524.0245361328125,EXPIRED,1,2019-09-09T00:00:00+00:00,EXPIRED,-17.682266223220815
HDFCBANK,2020-04-03T00:00:00,SHORT,0.5237499999999999,379.1583557128906,367.7836050415039,390.53310638427735,700.6171875,EXPIRED,1,2021-01-19T00:00:00+00:00,EXPIRED,-84.78220958172079
HDFCBANK,2020-05-19T00:00:00,SHORT,0.696,386.9852294921875,375.37567260742185,398.59478637695315,726.2640380859375,EXPIRED,1,2021-03-01T00:00:00+00:00,EXPIRED,-87.67228894988082
HDFCBANK,2020-05-26T00:00:00,SHORT,0.56725,397.1181640625,385.20461914062497,409.03170898437503,712.8001098632812,EXPIRED,1,2021-03-05T00:00:00+00:00,EXPIRED,-79.4932023686275
HDFCBANK,2020-08-03T00:00:00,SHORT,0.647,466.8141174316406,452.8096939086914,480.8185409545899,697.5657348632812,EXPIRED,1,2021-05-21T00:00:00+00:00,EXPIRED,-49.43115660280593
HDFCBANK,2022-06-17T00:00:00,SHORT,0.6065,610.4888916015625,592.1742248535156,628.8035583496094,785.009033203125,EXPIRED,1,2023-04-10T00:00:00+00:00,EXPIRED,-28.586947936714243
HDFCBANK,2022-07-19T00:00:00,SHORT,0.52925,638.0846557617188,618.9421160888671,657.2271954345704,789.434814453125,EXPIRED,1,2023-05-12T00:00:00+00:00,EXPIRED,-23.71944808964741
HDFCBANK,2022-10-13T00:00:00,SHORT,0.6892499999999999,659.645263671875,639.8559057617188,679.4346215820312,779.7442016601562,EXPIRED,1,2023-08-03T00:00:00+00:00,EXPIRED,-18.206594453473045
HDFCBANK,2023-07-04T00:00:00,LONG,0.59525,827.4054565429688,852.2276202392578,802.5832928466797,732.2744750976562,EXPIRED,1,2024-04-29T00:00:00+00:00,EXPIRED,-11.49750472311179
HDFCBANK,2024-02-14T00:00:00,SHORT,0.6365,662.6377563476562,642.7586236572265,682.516889038086,907.520263671875,EXPIRED,1,2024-12-09T00:00:00+00:00,EXPIRED,-36.95571297868211
HDFCBANK,2025-01-27T00:00:00,SHORT,0.5529999999999999,790.9500732421875,767.2215710449218,814.6785754394532,976.302490234375,EXPIRED,1,2025-11-18T00:00:00+00:00,EXPIRED,-23.434148786712726
HDFCLIFE,2021-09-17T00:00:00,LONG,0.589,747.75,770.1825,725.3175,554.5999755859375,EXPIRED,1,2022-07-07T00:00:00+00:00,EXPIRED,-25.830829075768975
HINDALCO,2022-04-22T00:00:00,LONG,0.55175,514.1500244140625,529.5745251464843,498.7255236816406,436.5,EXPIRED,1,2023-02-09T00:00:00+00:00,EXPIRED,-15.102600549820902
HINDALCO,2022-09-29T00:00:00,SHORT,0.59925,371.20001220703125,360.0640118408203,382.3360125732422,434.5,EXPIRED,1,2023-07-24T00:00:00+00:00,EXPIRED,-17.05279787481907
HINDPETRO,2020-10-29T00:00:00,SHORT,0.64375,119.73332977294922,116.14132987976073,123.3253296661377,164.8000030517578,EXPIRED,1,2021-08-20T00:00:00+00:00,EXPIRED,-37.63920485989048
HINDPETRO,2022-11-07T00:00:00,SHORT,0.64725,135.73333740234375,131.66133728027344,139.80533752441406,174.3333282470703,EXPIRED,1,2023-08-28T00:00:00+00:00,EXPIRED,-28.43810635135834
HINDZINC,2024-05-23T00:00:00,LONG,0.6487499999999999,772.2999877929688,795.4689874267578,749.1309881591797,429.3500061035156,EXPIRED,1,2025-03-10T00:00:00+00:00,EXPIRED,-44.40631711901413
HUDCO,2024-12-18T00:00:00,LONG,0.7295,256.7099914550781,264.41129119873045,249.00869171142577,231.42999267578125,EXPIRED,1,2025-10-08T00:00:00+00:00,EXPIRED,-9.84768790494103
ICICIBANK,2018-07-19T00:00:00,SHORT,0.527,248.795166015625,241.33131103515623,256.25902099609374,390.07281494140625,EXPIRED,1,2019-05-20T00:00:00+00:00,EXPIRED,-56.784724232507244
ICICIBANK,2020-02-20T00:00:00,LONG,0.61875,524.628662109375,540.3675219726563,508.8898022460937,490.58062744140625,EXPIRED,1,2020-12-09T00:00:00+00:00,EXPIRED,-6.489930331116829
ICICIBANK,2020-02-26T00:00:00,LONG,0.5662499999999999,502.2816467285156,517.3500961303711,487.2131973266601,504.29571533203125,EXPIRED,2,2020-12-14T00:00:00+00:00,EXPIRED,0.40098391343457424
ICICIBANK,2020-05-26T00:00:00,SHORT,0.7065,280.7291564941406,272.3072817993164,289.15103118896485,584.5245971679688,EXPIRED,1,2021-03-05T00:00:00+00:00,EXPIRED,-108.2165616381813
ICICIBANK,2020-09-24T00:00:00,SHORT,0.6985,321.9704895019531,312.3113748168945,331.62960418701175,637.17919921875,EXPIRED,1,2021-07-14T00:00:00+00:00,EXPIRED,-97.8998759185614
ICICIBANK,2020-09-25T00:00:00,SHORT,0.65675,334.3908386230469,324.35911346435546,344.4225637817383,640.1525268554688,EXPIRED,1,2021-07-15T00:00:00+00:00,EXPIRED,-91.4384166418811
ICICIBANK,2020-09-30T00:00:00,SHORT,0.648,340.2413635253906,330.0341226196289,350.4486044311524,615.6474609375,EXPIRED,1,2021-07-20T00:00:00+00:00,EXPIRED,-80.94433156465914
ICICIBANK,2020-10-05T00:00:00,SHORT,0.67725,357.84088134765625,347.10565490722655,368.57610778808595,648.9762573242188,EXPIRED,1,2021-07-23T00:00:00+00:00,EXPIRED,-81.35889194105613
ICICIBANK,2022-03-09T00:00:00,SHORT,0.669,642.0269775390625,622.7661682128906,661.2877868652344,869.898193359375,EXPIRED,1,2022-12-28T00:00:00+00:00,EXPIRED,-35.492467418387925
ICICIBANK,2023-03-20T00:00:00,SHORT,0.58,809.4180908203125,785.1355480957031,833.7006335449219,967.0133666992188,EXPIRED,1,2024-01-11T00:00:00+00:00,EXPIRED,-19.470194410800705
ICICIBANK,2025-02-28T00:00:00,SHORT,0.61725,1184.8909912109375,1149.3442614746093,1220.4377209472657,1357.059326171875,EXPIRED,1,2025-12-22T00:00:00+00:00,EXPIRED,-14.530310065484128
IDBI,2021-01-29T00:00:00,SHORT,0.7224999999999999,27.75,26.9175,28.5825,48.75,EXPIRED,1,2021-11-23T00:00:00+00:00,EXPIRED,-75.67567567567568
IDBI,2021-11-02T00:00:00,LONG,0.59975,56.95000076293945,58.65850078582764,55.241500740051265,39.0,EXPIRED,1,2022-08-23T00:00:00+00:00,EXPIRED,-31.518877124617216
IDFCFIRSTB,2022-06-23T00:00:00,SHORT,0.62425,29.75,28.857499999999998,30.642500000000002,55.150001525878906,EXPIRED,1,2023-04-18T00:00:00+00:00,EXPIRED,-85.37815638950893
IDFCFIRSTB,2022-07-27T00:00:00,SHORT,0.5902499999999999,35.75,34.6775,36.8225,66.4000015258789,EXPIRED,1,2023-05-23T00:00:00+00:00,EXPIRED,-85.73427000245847
IDFCFIRSTB,2022-07-28T00:00:00,SHORT,0.55225,36.599998474121094,35.50199851989746,37.697998428344725,66.05000305175781,EXPIRED,1,2023-05-24T00:00:00+00:00,EXPIRED,-80.46449673614072
IDFCFIRSTB,2022-07-29T00:00:00,SHORT,0.5525,37.54999923706055,36.42349925994873,38.67649921417237,66.0,EXPIRED,1,2023-05-25T00:00:00+00:00,EXPIRED,-75.76564937679223
IDFCFIRSTB,2024-04-29T00:00:00,LONG,0.6174999999999999,84.80000305175781,87.34400314331054,82.25600296020508,62.15999984741211,EXPIRED,1,2025-02-13T00:00:00+00:00,EXPIRED,-26.698116025452666
IDFCFIRSTB,2025-04-11T00:00:00,SHORT,0.5575,59.25,57.4725,61.0275,83.47000122070312,EXPIRED,1,2026-01-30T00:00:00+00:00,EXPIRED,-40.877639191060126
IDFCFIRSTB,2025-04-15T00:00:00,SHORT,0.6825,59.91999816894531,58.12239822387695,61.717598114013676,83.58000183105469,EXPIRED,1,2026-02-02T00:00:00+00:00,EXPIRED,-39.4859886267013
IDFCFIRSTB,2025-04-21T00:00:00,SHORT,0.5325,63.0,61.11,64.89,85.13999938964844,EXPIRED,1,2026-02-05T00:00:00+00:00,EXPIRED,-35.14285617404514
INDHOTEL,2024-12-31T00:00:00,LONG,0.616,889.6500244140625,916.3395251464844,862.9605236816406,735.4000244140625,EXPIRED,1,2025-10-20T00:00:00+00:00,EXPIRED,-17.33827862271925
INDUSINDBK,2020-10-30T00:00:00,SHORT,0.69775,585.7000122070312,568.1290118408203,603.2710125732422,988.5999755859375,EXPIRED,1,2021-08-23T00:00:00+00:00,EXPIRED,-68.78947498407948
INDUSINDBK,2020-11-03T00:00:00,SHORT,0.5265,646.5999755859375,627.2019763183594,665.9979748535156,1005.5499877929688,EXPIRED,1,2021-08-25T00:00:00+00:00,EXPIRED,-55.51345897929505
INDUSINDBK,2020-11-04T00:00:00,SHORT,0.589,678.0499877929688,657.7084881591796,698.3914874267579,1001.5,EXPIRED,1,2021-08-26T00:00:00+00:00,EXPIRED,-47.70297441636284
INDUSTOWER,2023-06-01T00:00:00,SHORT,0.55325,153.85000610351562,149.23450592041016,158.4655062866211,250.1999969482422,EXPIRED,1,2024-03-22T00:00:00+00:00,EXPIRED,-62.625925916375294
INDUSTOWER,2025-09-05T00:00:00,SHORT,0.64125,324.04998779296875,314.3284881591797,333.7714874267578,393.54998779296875,EXPIRED,1,2026-06-26T00:00:00+00:00,EXPIRED,-21.447308322197078
INFY,2017-09-11T00:00:00,SHORT,0.55325,340.79510498046875,330.57125183105467,351.01895812988283,526.663818359375,EXPIRED,1,2018-06-29T00:00:00+00:00,EXPIRED,-54.539725090698866
INFY,2018-11-26T00:00:00,SHORT,0.7195,506.2106628417969,491.02434295654297,521.3969827270508,668.6424560546875,EXPIRED,1,2019-09-20T00:00:00+00:00,EXPIRED,-32.08778580463338
INFY,2020-04-03T00:00:00,SHORT,0.565,492.6130065917969,477.83461639404294,507.3913967895508,1134.5234375,EXPIRED,1,2021-01-19T00:00:00+00:00,EXPIRED,-130.30724368187893
INFY,2023-05-19T00:00:00,SHORT,0.61875,1139.093505859375,1104.9207006835936,1173.2663110351564,1475.02197265625,EXPIRED,1,2024-03-11T00:00:00+00:00,EXPIRED,-29.490859623805683
IOC,2020-11-04T00:00:00,SHORT,0.6859999999999999,51.96666717529297,50.40766716003418,53.52566719055176,70.4000015258789,EXPIRED,1,2021-08-26T00:00:00+00:00,EXPIRED,-35.47145767190912
IOC,2021-05-04T00:00:00,SHORT,0.5645,60.93333435058594,59.10533432006836,62.76133438110352,80.76666259765625,EXPIRED,1,2022-02-18T00:00:00+00:00,EXPIRED,-32.549225245014995
IOC,2021-11-10T00:00:00,LONG,0.6965,92.96666717529297,95.75566719055176,90.17766716003418,71.5,EXPIRED,1,2022-08-30T00:00:00+00:00,EXPIRED,-23.090713938165138
IOC,2022-04-22T00:00:00,LONG,0.5575,89.56666564941406,92.25366561889649,86.87966567993163,79.25,EXPIRED,1,2023-02-09T00:00:00+00:00,EXPIRED,-11.518421027077224
IOC,2022-10-17T00:00:00,SHORT,0.55375,66.05000305175781,64.06850296020508,68.03150314331054,92.8499984741211,EXPIRED,1,2023-08-08T00:00:00+00:00,EXPIRED,-40.575312920670704
IOC,2023-10-27T00:00:00,SHORT,0.653,86.19999694824219,83.61399703979492,88.78599685668945,173.7899932861328,EXPIRED,1,2024-08-23T00:00:00+00:00,EXPIRED,-101.61252835134442
IOC,2024-10-03T00:00:00,LONG,0.69775,179.05999755859375,184.43179748535158,173.68819763183592,151.97999572753906,EXPIRED,1,2025-07-23T00:00:00+00:00,EXPIRED,-15.123423545336143
IOC,2025-04-15T00:00:00,SHORT,0.62725,131.8300018310547,127.87510177612305,135.78490188598633,163.24000549316406,EXPIRED,1,2026-02-02T00:00:00+00:00,EXPIRED,-23.82614217237327
IOC,2025-04-30T00:00:00,SHORT,0.70625,135.77999877929688,131.70659881591797,139.85339874267578,176.77000427246094,EXPIRED,1,2026-02-16T00:00:00+00:00,EXPIRED,-30.18854460279612
IRB,2021-04-19T00:00:00,SHORT,0.59175,5.09499979019165,4.942149796485901,5.2478497838974,14.907500267028809,EXPIRED,1,2022-02-04T00:00:00+00:00,EXPIRED,-192.59079255954313
IRB,2022-06-22T00:00:00,SHORT,0.574,9.302499771118164,9.02342477798462,9.581574764251709,13.324999809265137,EXPIRED,1,2023-04-17T00:00:00+00:00,EXPIRED,-43.24106570403566
IRB,2022-09-28T00:00:00,SHORT,0.5297499999999999,9.982500076293945,9.683025074005126,10.281975078582764,13.050000190734863,EXPIRED,1,2023-07-21T00:00:00+00:00,EXPIRED,-30.728776268436985
IRB,2023-03-29T00:00:00,SHORT,0.694,11.324999809265137,10.985249814987183,11.66474980354309,23.625,EXPIRED,1,2024-01-23T00:00:00+00:00,EXPIRED,-108.60927503656173
IRB,2023-03-31T00:00:00,SHORT,0.53675,12.100000381469727,11.737000370025635,12.463000392913818,23.950000762939453,EXPIRED,1,2024-01-24T00:00:00+00:00,EXPIRED,-97.93388436265789
IRB,2023-08-23T00:00:00,SHORT,0.6885,13.149999618530273,12.755499629974365,13.544499607086182,32.244998931884766,EXPIRED,1,2024-06-20T00:00:00+00:00,EXPIRED,-145.20912446603302
IRB,2024-06-10T00:00:00,LONG,0.5609999999999999,38.42499923706055,39.577749214172364,37.27224925994873,22.610000610351562,EXPIRED,1,2025-03-27T00:00:00+00:00,EXPIRED,-41.15809743843942
IRB,2024-09-30T00:00:00,LONG,0.65675,31.454999923706055,32.39864992141724,30.51134992599487,24.030000686645508,EXPIRED,1,2025-07-21T00:00:00+00:00,EXPIRED,-23.60514784635144
IRCTC,2021-10-19T00:00:00,LONG,0.53325,1090.969970703125,1123.6990698242187,1058.2408715820313,642.3499755859375,EXPIRED,1,2022-08-05T00:00:00+00:00,EXPIRED,-41.121204722807725
IRFC,2023-03-31T00:00:00,SHORT,0.57875,26.350000381469727,25.559500370025635,27.140500392913818,161.3000030517578,EXPIRED,1,2024-01-24T00:00:00+00:00,EXPIRED,-512.1442152433129
IRFC,2023-04-03T00:00:00,SHORT,0.625,26.600000381469727,25.802000370025635,27.39800039291382,171.89999389648438,EXPIRED,1,2024-01-25T00:00:00+00:00,EXPIRED,-546.2405692904971
IRFC,2024-07-18T00:00:00,LONG,0.5307499999999999,212.11000061035156,218.47330062866212,205.746700592041,118.94000244140625,EXPIRED,1,2025-05-09T00:00:00+00:00,EXPIRED,-43.9253207773544
IRFC,2024-08-05T00:00:00,LONG,0.5795,192.3300018310547,198.09990188598633,186.56010177612305,140.17999267578125,EXPIRED,1,2025-05-27T00:00:00+00:00,EXPIRED,-27.11485917890373
IRFC,2024-09-04T00:00:00,LONG,0.7295,178.4600067138672,183.8138069152832,173.10620651245117,138.6199951171875,EXPIRED,1,2025-06-25T00:00:00+00:00,EXPIRED,-22.32433604048718
ITC,2017-07-28T00:00:00,LONG,0.6185,198.7108154296875,204.67213989257814,192.74949096679686,192.4403839111328,EXPIRED,1,2018-05-21T00:00:00+00:00,EXPIRED,-3.1555562312980583
ITC,2018-10-11T00:00:00,SHORT,0.67925,184.3385772705078,178.80841995239257,189.86873458862306,183.54241943359375,EXPIRED,2,2019-08-06T00:00:00+00:00,EXPIRED,0.4318997405224301
ITC,2019-11-07T00:00:00,LONG,0.72575,188.46946716308594,194.12355117797853,182.81538314819335,145.07809448242188,EXPIRED,1,2020-08-27T00:00:00+00:00,EXPIRED,-23.023025073401808
ITC,2020-05-18T00:00:00,SHORT,0.64325,116.79647827148438,113.29258392333985,120.3003726196289,155.9990234375,EXPIRED,1,2021-02-26T00:00:00+00:00,EXPIRED,-33.56483495580436
ITC,2020-11-04T00:00:00,SHORT,0.6475,126.81732177734375,123.01280212402344,130.62184143066406,162.517333984375,EXPIRED,1,2021-08-25T00:00:00+00:00,EXPIRED,-28.150738169436057
ITC,2024-03-12T00:00:00,SHORT,0.6335,352.4593200683594,341.8855404663086,363.03309967041014,427.42791748046875,EXPIRED,1,2025-01-03T00:00:00+00:00,EXPIRED,-21.270141869867206
JSWSTEEL,2020-04-03T00:00:00,SHORT,0.5215,131.0418243408203,127.1105696105957,134.97307907104494,372.1561584472656,EXPIRED,1,2021-01-19T00:00:00+00:00,EXPIRED,-183.99799859268043
JSWSTEEL,2020-07-27T00:00:00,SHORT,0.60625,194.7843017578125,188.94077270507813,200.62783081054687,665.5326538085938,EXPIRED,1,2021-05-14T00:00:00+00:00,EXPIRED,-241.6767407858628
KALYANKJIL,2025-01-10T00:00:00,LONG,0.5619999999999999,662.5499877929688,682.4264874267578,642.6734881591797,512.9000244140625,EXPIRED,1,2025-10-31T00:00:00+00:00,EXPIRED,-22.586969456811513
KALYANKJIL,2025-01-13T00:00:00,LONG,0.66225,626.75,645.5525,607.9475,509.70001220703125,EXPIRED,1,2025-11-03T00:00:00+00:00,EXPIRED,-18.67570606987934
KOTAKBANK,2018-11-01T00:00:00,SHORT,0.7215,220.487060546875,213.87244873046873,227.10167236328127,294.9862060546875,EXPIRED,1,2019-08-28T00:00:00+00:00,EXPIRED,-33.78844333224451
KOTAKBANK,2018-11-14T00:00:00,SHORT,0.57375,224.5309600830078,217.79503128051758,231.26688888549805,293.30615234375,EXPIRED,1,2019-09-11T00:00:00+00:00,EXPIRED,-30.630605345167716
KOTAKBANK,2020-05-18T00:00:00,SHORT,0.53275,221.4210968017578,214.77846389770508,228.06372970581054,353.97747802734375,EXPIRED,1,2021-02-26T00:00:00+00:00,EXPIRED,-59.8661930323044
KOTAKBANK,2020-05-26T00:00:00,SHORT,0.673,229.2845916748047,222.40605392456055,236.16312942504882,382.2404479980469,EXPIRED,1,2021-03-05T00:00:00+00:00,EXPIRED,-66.71004588925021
KOTAKBANK,2020-09-30T00:00:00,SHORT,0.679,252.14944458007812,244.58496124267577,259.7139279174805,338.5288391113281,EXPIRED,1,2021-07-20T00:00:00+00:00,EXPIRED,-34.25722181347795
KOTAKBANK,2021-07-30T00:00:00,SHORT,0.54125,329.0150451660156,319.1445938110351,338.8854965209961,363.8607177734375,EXPIRED,1,2022-05-20T00:00:00+00:00,EXPIRED,-10.590905528298658
KOTAKBANK,2023-03-16T00:00:00,SHORT,0.607,331.11822509765625,321.18467834472654,341.05177185058596,363.88153076171875,EXPIRED,1,2024-01-09T00:00:00+00:00,EXPIRED,-9.894745495932659
KOTAKBANK,2023-05-31T00:00:00,LONG,0.67425,400.94256591796875,412.9708428955078,388.9142889404297,353.0247802734375,EXPIRED,1,2024-03-21T00:00:00+00:00,EXPIRED,-11.951284228159262
KOTAKBANK,2024-05-03T00:00:00,SHORT,0.6527499999999999,308.1135559082031,298.870149230957,317.35696258544925,391.5418395996094,EXPIRED,1,2025-02-18T00:00:00+00:00,EXPIRED,-27.07712208425591
KOTAKBANK,2024-06-04T00:00:00,SHORT,0.5365,326.2911682128906,316.5024331665039,336.07990325927733,414.6053466796875,EXPIRED,1,2025-03-21T00:00:00+00:00,EXPIRED,-27.066064628870297
KOTAKBANK,2024-11-13T00:00:00,SHORT,0.69175,336.6001281738281,326.50212432861326,346.698132019043,389.2679443359375,EXPIRED,1,2025-09-04T00:00:00+00:00,EXPIRED,-15.646998249183818
L&TFH,2020-11-09T00:00:00,SHORT,0.6435,62.73619079589844,60.85410507202148,64.61827651977539,83.30000305175781,EXPIRED,1,2021-08-31T00:00:00+00:00,EXPIRED,-32.77822895361985
L&TFH,2020-11-24T00:00:00,SHORT,0.72125,67.9913330078125,65.95159301757812,70.03107299804688,87.69999694824219,EXPIRED,1,2021-09-16T00:00:00+00:00,EXPIRED,-28.987023887537365
L&TFH,2021-03-03T00:00:00,LONG,0.60975,112.30000305175781,115.66900314331055,108.93100296020508,76.9000015258789,EXPIRED,1,2021-12-24T00:00:00+00:00,EXPIRED,-31.522707536849705
L&TFH,2025-01-14T00:00:00,SHORT,0.54625,130.88999938964844,126.96329940795898,134.8166993713379,279.70001220703125,EXPIRED,1,2025-11-04T00:00:00+00:00,EXPIRED,-113.69089579898922
LT,2020-09-24T00:00:00,SHORT,0.643,784.273193359375,760.7449975585937,807.8013891601563,1451.6524658203125,EXPIRED,1,2021-07-14T00:00:00+00:00,EXPIRED,-85.09525483107089
M&MFIN,2020-11-09T00:00:00,SHORT,0.54975,135.5500030517578,131.48350296020507,139.61650314331055,160.14999389648438,EXPIRED,1,2021-08-31T00:00:00+00:00,EXPIRED,-18.14827760301371
M&MFIN,2022-03-08T00:00:00,SHORT,0.64325,134.0500030517578,130.0285029602051,138.07150314331054,229.10000610351562,EXPIRED,1,2022-12-28T00:00:00+00:00,EXPIRED,-70.90637887942324
MAHABANK,2021-06-07T00:00:00,LONG,0.6375,28.649999618530273,29.509499607086184,27.790499629974363,17.450000762939453,EXPIRED,1,2022-03-25T00:00:00+00:00,EXPIRED,-39.092492163060534
MAHABANK,2024-06-04T00:00:00,LONG,0.57375,72.5,74.675,70.325,47.25,EXPIRED,1,2025-03-21T00:00:00+00:00,EXPIRED,-34.82758620689655
MAHABANK,2025-04-08T00:00:00,SHORT,0.6885,43.619998931884766,42.31139896392822,44.92859889984131,65.0199966430664,EXPIRED,1,2026-01-28T00:00:00+00:00,EXPIRED,-49.06006014488678
MAHABANK,2025-05-12T00:00:00,SHORT,0.5855,48.34000015258789,46.88980014801025,49.79020015716553,71.86000061035156,EXPIRED,1,2026-02-25T00:00:00+00:00,EXPIRED,-48.65535867505479
MANAPPURAM,2023-06-09T00:00:00,SHORT,0.6599999999999999,112.55000305175781,109.17350296020507,115.92650314331055,183.85000610351562,EXPIRED,1,2024-04-03T00:00:00+00:00,EXPIRED,-63.34962338381229
MANAPPURAM,2024-11-26T00:00:00,SHORT,0.626,150.16000366210938,145.6552035522461,154.66480377197266,291.20001220703125,EXPIRED,1,2025-09-15T00:00:00+00:00,EXPIRED,-93.92648182287651
MANAPPURAM,2025-02-17T00:00:00,SHORT,0.69475,178.14999389648438,172.80549407958983,183.49449371337892,275.20001220703125,EXPIRED,1,2025-12-10T00:00:00+00:00,EXPIRED,-54.47657683723449
NATIONALUM,2022-04-21T00:00:00,LONG,0.60275,119.30000305175781,122.87900314331056,115.72100296020507,76.69999694824219,EXPIRED,1,2023-02-08T00:00:00+00:00,EXPIRED,-35.70830261004586
NATIONALUM,2022-04-22T00:00:00,LONG,0.5682499999999999,115.1500015258789,118.60450157165528,111.69550148010254,78.3499984741211,EXPIRED,1,2023-02-09T00:00:00+00:00,EXPIRED,-31.958317467748664
NATIONALUM,2022-09-29T00:00:00,SHORT,0.592,67.75,65.7175,69.7825,92.05000305175781,EXPIRED,1,2023-07-24T00:00:00+00:00,EXPIRED,-35.86716317602629
NATIONALUM,2022-12-27T00:00:00,SHORT,0.6579999999999999,74.05000305175781,71.82850296020507,76.27150314331055,99.5999984741211,EXPIRED,1,2023-10-18T00:00:00+00:00,EXPIRED,-34.50370610316507
NATIONALUM,2023-03-31T00:00:00,SHORT,0.603,77.1500015258789,74.83550148010254,79.46450157165528,126.75,EXPIRED,1,2024-01-24T00:00:00+00:00,EXPIRED,-64.29034023736662
NATIONALUM,2024-12-19T00:00:00,LONG,0.5825,226.8800048828125,233.68640502929688,220.07360473632812,223.6199951171875,EXPIRED,1,2025-10-09T00:00:00+00:00,EXPIRED,-1.4368872070982421
NATIONALUM,2025-04-15T00:00:00,SHORT,0.56725,143.22000122070312,138.92340118408202,147.51660125732423,385.45001220703125,EXPIRED,1,2026-02-02T00:00:00+00:00,EXPIRED,-169.13141245757274
NATIONALUM,2025-05-14T00:00:00,SHORT,0.599,165.0399932861328,160.08879348754883,169.9911930847168,361.29998779296875,EXPIRED,1,2026-02-27T00:00:00+00:00,EXPIRED,-118.91662778159258
NHPC,2024-08-05T00:00:00,LONG,0.7244999999999999,103.30999755859375,106.40929748535156,100.21069763183594,87.05999755859375,EXPIRED,1,2025-05-27T00:00:00+00:00,EXPIRED,-15.729358613897537
NHPC,2024-08-08T00:00:00,LONG,0.5925,100.55000305175781,103.56650314331056,97.53350296020507,87.08000183105469,EXPIRED,1,2025-05-30T00:00:00+00:00,EXPIRED,-13.396321046126157
NHPC,2025-03-05T00:00:00,SHORT,0.534,73.56999969482422,71.3628997039795,75.77709968566894,77.80999755859375,EXPIRED,1,2025-12-26T00:00:00+00:00,EXPIRED,-5.763215823511581
NMDC,2020-11-02T00:00:00,SHORT,0.60225,21.560420989990234,20.913608360290528,22.20723361968994,39.649139404296875,EXPIRED,1,2021-08-24T00:00:00+00:00,EXPIRED,-83.8977978338392
NMDC,2022-04-11T00:00:00,LONG,0.606,44.555641174316406,45.8923104095459,43.21897193908691,40.79999923706055,EXPIRED,1,2023-01-31T00:00:00+00:00,EXPIRED,-8.429105357417136
NMDC,2022-08-04T00:00:00,SHORT,0.677,27.51740074157715,26.691878719329832,28.342922763824465,35.733333587646484,EXPIRED,1,2023-05-31T00:00:00+00:00,EXPIRED,-29.85722715320111
NMDC,2022-08-05T00:00:00,SHORT,0.6485,28.414148330688477,27.561723880767822,29.26657278060913,35.599998474121094,EXPIRED,1,2023-06-01T00:00:00+00:00,EXPIRED,-25.289690402832154
NMDC,2023-07-03T00:00:00,SHORT,0.63375,34.883331298828125,33.83683135986328,35.92983123779297,84.08333587646484,EXPIRED,1,2024-04-26T00:00:00+00:00,EXPIRED,-141.04158847721504
NMDC,2023-07-12T00:00:00,SHORT,0.5755,36.0,34.92,37.08,86.93333435058594,EXPIRED,1,2024-05-08T00:00:00+00:00,EXPIRED,-141.48148430718317
NMDC,2024-06-24T00:00:00,LONG,0.717,89.9000015258789,92.59700157165527,87.20300148010254,61.310001373291016,EXPIRED,1,2025-04-11T00:00:00+00:00,EXPIRED,-31.802001854647223
NMDC,2024-12-13T00:00:00,LONG,0.64025,80.26333618164062,82.67123626708985,77.8554360961914,76.16000366210938,EXPIRED,1,2025-10-03T00:00:00+00:00,EXPIRED,-5.112337356928658
NMDC,2025-04-11T00:00:00,SHORT,0.596,61.310001373291016,59.47070133209228,63.14930141448975,84.5999984741211,EXPIRED,1,2026-01-30T00:00:00+00:00,EXPIRED,-37.98727218912784
NMDC,2025-09-01T00:00:00,SHORT,0.58575,68.80000305175781,66.73600296020507,70.86400314331055,88.41999816894531,EXPIRED,1,2026-06-22T00:00:00+00:00,EXPIRED,-28.517433498407698
NTPC,2020-11-05T00:00:00,SHORT,0.55075,86.80000305175781,84.19600296020508,89.40400314331055,113.4000015258789,EXPIRED,1,2021-08-27T00:00:00+00:00,EXPIRED,-30.645158454959763
NTPC,2020-11-06T00:00:00,SHORT,0.56475,87.30000305175781,84.68100296020508,89.91900314331055,114.94999694824219,EXPIRED,1,2021-08-30T00:00:00+00:00,EXPIRED,-31.672385944925384
NTPC,2021-02-02T00:00:00,SHORT,0.67975,94.1500015258789,91.32550148010253,96.97450157165528,135.1999969482422,EXPIRED,1,2021-11-25T00:00:00+00:00,EXPIRED,-43.60063171223626
NTPC,2022-02-24T00:00:00,SHORT,0.6845,124.4000015258789,120.66800148010253,128.13200157165528,169.8000030517578,EXPIRED,1,2022-12-19T00:00:00+00:00,EXPIRED,-36.49517762781888
NTPC,2024-10-23T00:00:00,LONG,0.6819999999999999,415.75,428.2225,403.2775,336.1499938964844,EXPIRED,1,2025-08-12T00:00:00+00:00,EXPIRED,-19.146122935301413
OIL,2022-06-10T00:00:00,LONG,0.639,200.13333129882812,206.13733123779298,194.12933135986327,175.3000030517578,EXPIRED,1,2023-03-31T00:00:00+00:00,EXPIRED,-12.408391988434223
OIL,2024-09-02T00:00:00,LONG,0.56125,741.0,763.23,718.77,464.8999938964844,EXPIRED,1,2025-06-23T00:00:00+00:00,EXPIRED,-37.260459663092526
ONGC,2020-11-20T00:00:00,SHORT,0.5722499999999999,71.6500015258789,69.50050148010254,73.79950157165527,123.94999694824219,EXPIRED,1,2021-09-14T00:00:00+00:00,EXPIRED,-72.99371152626327
ONGC,2020-11-24T00:00:00,SHORT,0.53675,76.0999984741211,73.81699851989745,78.38299842834473,128.6999969482422,EXPIRED,1,2021-09-16T00:00:00+00:00,EXPIRED,-69.1195788814746
ONGC,2022-04-22T00:00:00,LONG,0.6755,174.0,179.22,168.78,143.89999389648438,EXPIRED,1,2023-02-09T00:00:00+00:00,EXPIRED,-17.298854082480243
ONGC,2022-06-10T00:00:00,LONG,0.72425,164.64999389648438,169.5894937133789,159.71049407958984,149.35000610351562,EXPIRED,1,2023-03-31T00:00:00+00:00,EXPIRED,-9.292431436461436
ONGC,2022-07-06T00:00:00,SHORT,0.6849999999999999,120.94999694824219,117.32149703979492,124.57849685668945,158.9499969482422,EXPIRED,1,2023-05-02T00:00:00+00:00,EXPIRED,-31.417942090780905
ONGC,2024-09-04T00:00:00,LONG,0.5225,322.20001220703125,331.8660125732422,312.5340118408203,243.9199981689453,EXPIRED,1,2025-06-25T00:00:00+00:00,EXPIRED,-24.295472089487916
ONGC,2024-09-09T00:00:00,LONG,0.609,308.79998779296875,318.0639874267578,299.5359881591797,242.8300018310547,EXPIRED,1,2025-06-30T00:00:00+00:00,EXPIRED,-21.363338267403964
ONGC,2025-04-11T00:00:00,SHORT,0.69825,221.94000244140625,215.28180236816405,228.59820251464845,275.3900146484375,EXPIRED,1,2026-01-30T00:00:00+00:00,EXPIRED,-24.083090753836697
PATANJALI,2022-04-06T00:00:00,SHORT,0.7052499999999999,251.75,244.1975,259.3025,402.7166748046875,EXPIRED,1,2023-01-25T00:00:00+00:00,EXPIRED,-59.9669016106008
PATANJALI,2022-04-07T00:00:00,SHORT,0.6435,272.5666809082031,264.389680480957,280.74368133544925,387.4333190917969,EXPIRED,1,2023-01-27T00:00:00+00:00,EXPIRED,-42.14258243188547
PAYTM,2022-11-29T00:00:00,SHORT,0.5722499999999999,461.5,447.655,475.345,885.1500244140625,EXPIRED,1,2023-09-18T00:00:00+00:00,EXPIRED,-91.7984884970883
PNB,2020-11-24T00:00:00,SHORT,0.70625,30.399999618530273,29.487999629974365,31.311999607086182,41.79999923706055,EXPIRED,1,2021-09-16T00:00:00+00:00,EXPIRED,-37.499999215728344
PNB,2020-12-24T00:00:00,SHORT,0.6975,31.450000762939453,30.50650074005127,32.39350078582764,46.0,EXPIRED,1,2021-10-18T00:00:00+00:00,EXPIRED,-46.26390742160555
PNB,2021-10-27T00:00:00,LONG,0.7184999999999999,46.29999923706055,47.68899921417236,44.91099925994873,34.45000076293945,EXPIRED,1,2022-08-17T00:00:00+00:00,EXPIRED,-25.593949609908062
PNB,2022-09-29T00:00:00,SHORT,0.7052499999999999,34.900001525878906,33.85300148010254,35.94700157165527,62.599998474121094,EXPIRED,1,2023-07-24T00:00:00+00:00,EXPIRED,-79.36961529271625
PNB,2024-06-04T00:00:00,LONG,0.713,137.0,141.11,132.89,91.30000305175781,EXPIRED,1,2025-03-21T00:00:00+00:00,EXPIRED,-33.3576620060162
PNB,2024-08-02T00:00:00,LONG,0.522,122.94999694824219,126.63849685668946,119.26149703979492,100.37999725341797,EXPIRED,1,2025-05-26T00:00:00+00:00,EXPIRED,-18.35705592113632
PNB,2024-09-06T00:00:00,LONG,0.57525,113.4000015258789,116.80200157165528,109.99800148010253,106.25,EXPIRED,1,2025-06-27T00:00:00+00:00,EXPIRED,-6.3051158991803105
POLYCAB,2024-01-12T00:00:00,SHORT,0.60075,3878.449951171875,3762.096452636719,3994.803449707031,6632.5498046875,EXPIRED,1,2024-11-06T00:00:00+00:00,EXPIRED,-71.01032340725378
POWERGRID,2020-10-20T00:00:00,SHORT,0.5205,88.42501831054688,85.77226776123047,91.07776885986328,129.4499969482422,EXPIRED,1,2021-08-10T00:00:00+00:00,EXPIRED,-46.395216446115306
POWERGRID,2020-10-30T00:00:00,SHORT,0.69175,96.1875228881836,93.30189720153808,99.0731485748291,131.7375030517578,EXPIRED,1,2021-08-23T00:00:00+00:00,EXPIRED,-36.959034910276756
POWERGRID,2020-11-02T00:00:00,SHORT,0.72725,97.34065246582031,94.4204328918457,100.26087203979492,132.4499969482422,EXPIRED,1,2021-08-24T00:00:00+00:00,EXPIRED,-36.06853210147732
POWERGRID,2022-09-26T00:00:00,SHORT,0.608,150.6374969482422,146.1183720397949,155.15662185668947,180.8625030517578,EXPIRED,1,2023-07-19T00:00:00+00:00,EXPIRED,-20.064729377374537
POWERGRID,2024-09-27T00:00:00,LONG,0.72725,365.45001220703125,376.4135125732422,354.4865118408203,296.6000061035156,EXPIRED,1,2025-07-18T00:00:00+00:00,EXPIRED,-18.839787605345975
POWERGRID,2025-03-05T00:00:00,SHORT,0.7005,254.0,246.38,261.62,268.04998779296875,EXPIRED,1,2025-12-26T00:00:00+00:00,EXPIRED,-5.531491257074311
POWERGRID,2025-04-22T00:00:00,LONG,0.5902499999999999,320.0,329.6,310.4,289.3500061035156,EXPIRED,1,2026-02-06T00:00:00+00:00,EXPIRED,-9.578123092651367
RECLTD,2022-10-28T00:00:00,SHORT,0.55075,96.5,93.605,99.395,235.10000610351562,EXPIRED,1,2023-08-18T00:00:00+00:00,EXPIRED,-143.62694933006802
RELIANCE,2020-03-23T00:00:00,SHORT,0.70625,393.6623840332031,381.852512512207,405.47225555419925,862.5869140625,EXPIRED,1,2021-01-07T00:00:00+00:00,EXPIRED,-119.11844998371646
RELIANCE,2020-03-30T00:00:00,SHORT,0.70075,458.8534240722656,445.08782135009767,472.6190267944336,884.90576171875,EXPIRED,1,2021-01-14T00:00:00+00:00,EXPIRED,-92.8515110261844
RELIANCE,2020-04-21T00:00:00,SHORT,0.633,550.98486328125,534.4553173828125,567.5144091796875,869.1990966796875,EXPIRED,1,2021-02-02T00:00:00+00:00,EXPIRED,-57.75371604646155
RELIANCE,2021-04-23T00:00:00,SHORT,0.71475,859.517822265625,833.7322875976562,885.3033569335938,1067.09716796875,EXPIRED,1,2022-02-08T00:00:00+00:00,EXPIRED,-24.150673822674356
RELIANCE,2022-06-09T00:00:00,LONG,0.5935,1267.6038818359375,1305.6319982910156,1229.5757653808594,1021.4815673828125,EXPIRED,1,2023-03-28T00:00:00+00:00,EXPIRED,-19.416342753435963
RELIANCE,2023-03-29T00:00:00,SHORT,0.7035,1015.4380493164062,984.974907836914,1045.9011907958984,1312.7442626953125,EXPIRED,1,2024-01-23T00:00:00+00:00,EXPIRED,-29.278616610737902
RELIANCE,2023-10-27T00:00:00,SHORT,0.5389999999999999,1119.4007568359375,1085.8187341308594,1152.9827795410156,1487.1322021484375,EXPIRED,1,2024-08-23T00:00:00+00:00,EXPIRED,-32.85074117261792
RELIANCE,2025-04-11T00:00:00,SHORT,0.6685,1208.5133056640625,1172.2579064941406,1244.7687048339844,1388.9779052734375,EXPIRED,1,2026-01-30T00:00:00+00:00,EXPIRED,-14.932777220041613
RELIANCE,2025-04-25T00:00:00,SHORT,0.56275,1289.2659912109375,1250.5880114746094,1327.9439709472656,1461.9405517578125,EXPIRED,1,2026-02-11T00:00:00+00:00,EXPIRED,-13.393245592764854
SAIL,2021-05-10T00:00:00,LONG,0.6475,146.3000030517578,150.68900314331054,141.91100296020508,85.0,EXPIRED,1,2022-02-24T00:00:00+00:00,EXPIRED,-41.900206270037586
SAIL,2021-11-08T00:00:00,LONG,0.627,124.6500015258789,128.38950157165527,120.91050148010254,81.69999694824219,EXPIRED,1,2022-08-26T00:00:00+00:00,EXPIRED,-34.456481389388316
SAIL,2022-04-11T00:00:00,LONG,0.63625,109.94999694824219,113.24849685668946,106.65149703979492,86.8499984741211,EXPIRED,1,2023-01-31T00:00:00+00:00,EXPIRED,-21.009548990706364
SAIL,2022-12-27T00:00:00,SHORT,0.619,76.6500015258789,74.35050148010254,78.94950157165528,89.5,EXPIRED,1,2023-10-18T00:00:00+00:00,EXPIRED,-16.764511700345658
SAIL,2024-08-05T00:00:00,LONG,0.7162499999999999,146.22999572753906,150.61689559936525,141.84309585571287,127.79000091552734,EXPIRED,1,2025-05-27T00:00:00+00:00,EXPIRED,-12.610268310730019
SAIL,2025-04-11T00:00:00,SHORT,0.56175,104.97000122070312,101.82090118408203,108.11910125732422,157.17999267578125,EXPIRED,1,2026-01-30T00:00:00+00:00,EXPIRED,-49.73801166802387
SBIN,2018-04-26T00:00:00,SHORT,0.64625,211.3675994873047,205.02657150268553,217.70862747192385,238.3323974609375,EXPIRED,1,2019-02-15T00:00:00+00:00,EXPIRED,-12.757299623517932
SBIN,2018-05-18T00:00:00,SHORT,0.53625,216.4886474609375,209.99398803710938,222.98330688476562,260.447998046875,EXPIRED,1,2019-03-11T00:00:00+00:00,EXPIRED,-20.30561468303754
SBIN,2018-10-26T00:00:00,SHORT,0.604,224.87265014648438,218.12647064208983,231.61882965087892,243.40809631347656,EXPIRED,1,2019-08-22T00:00:00+00:00,EXPIRED,-8.242641403887047
SBIN,2019-11-28T00:00:00,LONG,0.7012499999999999,316.59814453125,326.0960888671875,307.1002001953125,179.6443328857422,EXPIRED,1,2020-09-16T00:00:00+00:00,EXPIRED,-43.257932496186726
SBIN,2020-01-02T00:00:00,LONG,0.54775,307.5343933105469,316.76042510986326,298.3083615112305,184.6747283935547,EXPIRED,1,2020-10-21T00:00:00+00:00,EXPIRED,-39.9498942522923
SBIN,2020-09-25T00:00:00,SHORT,0.5695,165.14227294921875,160.1880047607422,170.0965411376953,394.8963928222656,EXPIRED,1,2021-07-15T00:00:00+00:00,EXPIRED,-139.1249592063543
SBIN,2020-09-30T00:00:00,SHORT,0.72325,168.0426788330078,163.00139846801758,173.08395919799804,385.0170593261719,EXPIRED,1,2021-07-20T00:00:00+00:00,EXPIRED,-129.11861558026106
SBIN,2020-10-30T00:00:00,SHORT,0.6307499999999999,171.53224182128906,166.3862745666504,176.67820907592773,372.0277404785156,EXPIRED,1,2021-08-20T00:00:00+00:00,EXPIRED,-116.88502203924607
SBIN,2022-06-20T00:00:00,SHORT,0.59075,403.8462829589844,391.7308944702148,415.96167144775393,494.3330078125,EXPIRED,1,2023-04-11T00:00:00+00:00,EXPIRED,-22.406229466944403
SBIN,2022-06-23T00:00:00,SHORT,0.72225,419.36090087890625,406.78007385253903,431.94172790527347,505.3884582519531,EXPIRED,1,2023-04-17T00:00:00+00:00,EXPIRED,-20.51396713254582
SBIN,2023-03-29T00:00:00,SHORT,0.5935,479.84033203125,465.4451220703125,494.2355419921875,573.0757446289062,EXPIRED,1,2024-01-23T00:00:00+00:00,EXPIRED,-19.430507686374355
SBIN,2023-10-26T00:00:00,SHORT,0.60175,518.0506591796875,502.5091394042969,533.5921789550781,789.9146728515625,EXPIRED,1,2024-08-22T00:00:00+00:00,EXPIRED,-52.478268071767495
SBIN,2023-11-30T00:00:00,SHORT,0.671,534.8612670898438,518.8154290771485,550.907105102539,768.6814575195312,EXPIRED,1,2024-09-24T00:00:00+00:00,EXPIRED,-43.71604466741305
SBIN,2024-06-03T00:00:00,LONG,0.525,872.1032104492188,898.2663067626953,845.9401141357422,721.7853393554688,EXPIRED,1,2025-03-20T00:00:00+00:00,EXPIRED,-17.23624787670734
SBIN,2025-03-04T00:00:00,SHORT,0.64375,689.5262451171875,668.8404577636719,710.2120324707031,951.7938842773438,EXPIRED,1,2025-12-24T00:00:00+00:00,EXPIRED,-38.0359182869947
SBIN,2025-04-09T00:00:00,SHORT,0.57325,714.7077026367188,693.2664715576171,736.1489337158204,1047.3218994140625,EXPIRED,1,2026-01-29T00:00:00+00:00,EXPIRED,-46.53849336592492
SUZLON,2020-11-10T00:00:00,SHORT,0.603,2.754641056060791,2.672001824378967,2.837280287742615,5.555193901062012,EXPIRED,1,2021-09-01T00:00:00+00:00,EXPIRED,-101.66670676890604
SUZLON,2022-08-04T00:00:00,SHORT,0.61875,6.5193190574646,6.323739485740662,6.7148986291885375,10.649999618530273,EXPIRED,1,2023-05-31T00:00:00+00:00,EXPIRED,-63.36061365697477
SUZLON,2022-10-14T00:00:00,SHORT,0.5742499999999999,6.699999809265137,6.498999814987182,6.900999803543091,18.399999618530273,EXPIRED,1,2023-08-07T00:00:00+00:00,EXPIRED,-174.62686779611124
SUZLON,2024-09-25T00:00:00,LONG,0.7182499999999999,83.79000091552734,86.30370094299316,81.27630088806153,67.16999816894531,EXPIRED,1,2025-07-16T00:00:00+00:00,EXPIRED,-19.835305603275312
TATAPOWER,2023-03-31T00:00:00,SHORT,0.60775,185.5,179.935,191.065,346.20001220703125,EXPIRED,1,2024-01-24T00:00:00+00:00,EXPIRED,-86.63073434341307
TATAPOWER,2023-04-03T00:00:00,SHORT,0.5355,190.25,184.5425,195.9575,356.95001220703125,EXPIRED,1,2024-01-25T00:00:00+00:00,EXPIRED,-87.62155700763797
TATAPOWER,2024-10-03T00:00:00,LONG,0.70825,481.25,495.6875,466.8125,399.1499938964844,EXPIRED,1,2025-07-23T00:00:00+00:00,EXPIRED,-17.059741528003247
TATASTEEL,2021-08-18T00:00:00,LONG,0.70825,150.0449981689453,154.54634811401368,145.54364822387694,104.48500061035156,EXPIRED,1,2022-06-09T00:00:00+00:00,EXPIRED,-30.364222809543325
TATASTEEL,2022-07-06T00:00:00,SHORT,0.72775,85.81500244140625,83.24055236816406,88.38945251464844,107.94999694824219,EXPIRED,1,2023-05-02T00:00:00+00:00,EXPIRED,-25.79385174748381
TATASTEEL,2022-07-19T00:00:00,SHORT,0.592,91.94499969482422,89.18664970397948,94.70334968566895,106.75,EXPIRED,1,2023-05-15T00:00:00+00:00,EXPIRED,-16.10201789582385
TATASTEEL,2022-09-28T00:00:00,SHORT,0.681,95.19999694824219,92.34399703979491,98.05599685668946,116.94999694824219,EXPIRED,1,2023-07-21T00:00:00+00:00,EXPIRED,-22.846639387840444
TATASTEEL,2023-06-02T00:00:00,SHORT,0.597,105.94999694824219,102.77149703979492,109.12849685668945,151.8000030517578,EXPIRED,1,2024-03-26T00:00:00+00:00,EXPIRED,-43.27513678543463
TATASTEEL,2024-06-21T00:00:00,LONG,0.6114999999999999,182.27999877929688,187.7483987426758,176.81159881591796,130.27999877929688,EXPIRED,1,2025-04-09T00:00:00+00:00,EXPIRED,-28.527540239322235
TATASTEEL,2024-06-24T00:00:00,LONG,0.5469999999999999,179.94000244140625,185.33820251464843,174.54180236816407,127.18000030517578,EXPIRED,1,2025-04-11T00:00:00+00:00,EXPIRED,-29.320885528725427
TATASTEEL,2024-07-05T00:00:00,LONG,0.5555,176.2899932861328,181.5786930847168,171.00129348754882,138.85000610351562,EXPIRED,1,2025-04-28T00:00:00+00:00,EXPIRED,-21.23772681858867
TATASTEEL,2025-01-14T00:00:00,SHORT,0.58125,122.93000030517578,119.24210029602051,126.61790031433105,182.6699981689453,EXPIRED,1,2025-11-04T00:00:00+00:00,EXPIRED,-48.59676052669323
TATASTEEL,2025-04-15T00:00:00,SHORT,0.64525,133.4199981689453,129.41739822387694,137.42259811401368,193.1300048828125,EXPIRED,1,2026-02-02T00:00:00+00:00,EXPIRED,-44.75341592964077
TATASTEEL,2025-05-12T00:00:00,SHORT,0.669,142.77999877929688,138.49659881591796,147.0633987426758,209.1300048828125,EXPIRED,1,2026-02-25T00:00:00+00:00,EXPIRED,-46.47009852274658
TRIDENT,2023-03-31T00:00:00,SHORT,0.5865,26.25,25.4625,27.0375,42.95000076293945,EXPIRED,1,2024-01-24T00:00:00+00:00,EXPIRED,-63.61905052548364
TRIDENT,2024-01-10T00:00:00,LONG,0.7144999999999999,49.650001525878906,51.13950157165527,48.16050148010254,35.130001068115234,EXPIRED,1,2024-11-04T00:00:00+00:00,EXPIRED,-29.244713014148573
UNIONBANK,2025-01-14T00:00:00,SHORT,0.675,101.25,98.21249999999999,104.28750000000001,150.8800048828125,EXPIRED,1,2025-11-04T00:00:00+00:00,EXPIRED,-49.01728877314815
UNIONBANK,2025-09-01T00:00:00,SHORT,0.566,124.81999969482422,121.07539970397949,128.56459968566895,175.75999450683594,EXPIRED,1,2026-06-22T00:00:00+00:00,EXPIRED,-40.81076344861103
VEDL,2020-11-18T00:00:00,SHORT,0.6275,108.9000015258789,105.63300148010254,112.16700157165528,301.8500061035156,EXPIRED,1,2021-09-09T00:00:00+00:00,EXPIRED,-177.18090162908237
VEDL,2022-05-06T00:00:00,LONG,0.5565,360.3999938964844,371.2119937133789,349.58799407958986,308.04998779296875,EXPIRED,1,2023-02-22T00:00:00+00:00,EXPIRED,-14.525529131543719
VEDL,2023-05-30T00:00:00,LONG,0.5905,300.3500061035156,309.3605062866211,291.33950592041015,266.6499938964844,EXPIRED,1,2024-03-20T00:00:00+00:00,EXPIRED,-11.220246886033538
VEDL,2023-09-29T00:00:00,SHORT,0.62,208.35000610351562,202.09950592041014,214.6005062866211,444.5,EXPIRED,1,2024-07-29T00:00:00+00:00,EXPIRED,-113.34292631561371
VEDL,2025-04-11T00:00:00,SHORT,0.5912499999999999,370.54998779296875,359.43348815917966,381.66648742675784,766.3499755859375,EXPIRED,1,2026-01-30T00:00:00+00:00,EXPIRED,-106.81419533984912
VEDL,2025-04-15T00:00:00,SHORT,0.5782499999999999,380.1499938964844,368.74549407958983,391.5544937133789,681.5499877929688,EXPIRED,1,2026-02-02T00:00:00+00:00,EXPIRED,-79.28449263070519
WIPRO,2022-01-18T00:00:00,LONG,0.6455,316.6499938964844,326.1494937133789,307.15049407958986,194.4499969482422,EXPIRED,1,2022-11-11T00:00:00+00:00,EXPIRED,-38.59150459614107
WIPRO,2023-11-13T00:00:00,SHORT,0.5912499999999999,189.64999389648438,183.96049407958984,195.3394937133789,260.29998779296875,EXPIRED,1,2024-09-09T00:00:00+00:00,EXPIRED,-37.25283214880928
WIPRO,2024-06-05T00:00:00,SHORT,0.54675,219.0749969482422,212.5027470397949,225.64724685668946,264.29998779296875,EXPIRED,1,2025-03-24T00:00:00+00:00,EXPIRED,-20.643611308784475
YESBANK,2023-11-03T00:00:00,SHORT,0.708,16.049999237060547,15.56849925994873,16.531499214172364,23.729999542236328,EXPIRED,1,2024-08-30T00:00:00+00:00,EXPIRED,-47.85047146570658
YESBANK,2024-08-02T00:00:00,LONG,0.5745,26.280000686645508,27.068400707244873,25.491600666046143,21.149999618530273,EXPIRED,1,2025-05-26T00:00:00+00:00,EXPIRED,-19.520551499536698
ZOMATO,2023-02-03T00:00:00,SHORT,0.5745,47.5,46.074999999999996,48.925000000000004,113.80000305175781,EXPIRED,1,2023-11-29T00:00:00+00:00,EXPIRED,-139.57895379317432
ZOMATO,2023-04-25T00:00:00,SHORT,0.548,56.0,54.32,57.68,154.75,EXPIRED,1,2024-02-14T00:00:00+00:00,EXPIRED,-176.33928571428572
ZOMATO,2023-04-27T00:00:00,SHORT,0.65425,58.20000076293945,56.45400074005127,59.946000785827636,154.85000610351562,EXPIRED,1,2024-02-16T00:00:00+00:00,EXPIRED,-166.06529909553004
ZOMATO,2025-10-17T00:00:00,LONG,0.65025,347.8500061035156,358.2855062866211,337.41450592041014,310.3500061035156,EXPIRED,1,2026-08-06T00:00:00+00:00,EXPIRED,-10.78050865085812
